Name,TeamAbbreviation,GamesPlayed,Minutes,FTA,Technical Free Throw Trips,TwoPtShootingFoulsDrawn,2pt And 1 Free Throw Trips,ThreePtShootingFoulsDrawn,3pt And 1 Free Throw Trips,NonShootingFoulsDrawn,ShootingFoulsDrawnPct,TwoPtShootingFoulsDrawnPct,ThreePtShootingFoulsDrawnPct
Mikal Bridges,NYK,342,11898,979,31,422,119,23,5,84,0.093572181,0.145067033,0.011982570806100218
Jayson Tatum,BOS,311,11237,2103,122,781,172,84,12,187,0.12273440844869417,0.1830325755800328,0.028832116788321167
Anthony Edwards,MIN,325,11229,1581,44,750,211,15,4,107,0.11642063612844315,0.18350868607780768,0.006038647
DeMar DeRozan,SAC,310,11182,2293,84,1109,289,16,9,122,0.179397225,0.19670095778644908,0.025276461
Nikola Vucevic,CHI,326,10915,625,22,273,85,0,0,71,0.050064185,0.069892473,0
Domantas Sabonis,SAC,308,10856,1621,0,759,201,2,0,147,0.16773198148556315,0.1887120835405271,0.003883495
Pascal Siakam,IND,300,10755,1639,6,810,216,2,1,110,0.14228140879621518,0.1760104302477184,0.001809955
Nikola Jokic,DEN,313,10738,1845,54,738,241,10,2,266,0.12558764271323036,0.14879032258064517,0.010040160642570281
Harrison Barnes,SAS,323,10418,1328,58,588,130,4,0,106,0.16249656310145724,0.267151295,0.002089136
Fred VanVleet,HOU,281,10353,984,101,330,66,29,4,107,0.076334255,0.15,0.011586096683979225
Julius Randle,MIN,289,10342,1794,45,770,212,14,1,190,0.13670444638186574,0.1947395042994436,0.007860752
Dejounte Murray,NOP,295,10242,867,17,374,99,29,12,67,0.074053555,0.095432508,0.018048128
Luka Doncic,DAL,285,10230,2385,54,1045,269,29,4,216,0.1522108843537415,0.23493705035971224,0.011119632
De'Aaron Fox,SAC,289,10144,1776,9,842,210,22,1,115,0.13827398139236446,0.18538088947600176,0.011820331
Tobias Harris,DET,303,10142,804,36,363,97,8,1,60,0.086319218,0.11642078255291853,0.006779661
Trae Young,ATL,290,10122,2292,93,673,132,65,8,413,0.12150768722102827,0.17453319502074688,0.028271773825809393
Jalen Brunson,NYK,315,10114,1403,78,563,189,37,8,152,0.11306818181818182,0.1476140534871526,0.023192360163710776
Buddy Hield,GSW,339,10113,445,93,81,23,32,5,62,0.025474756831866605,0.056328233657858134,0.010069444444444445
RJ Barrett,TOR,294,9958,1494,4,748,155,5,0,66,0.14215593732301302,0.19596541786743515,0.003378378
Rudy Gobert,MIN,306,9837,1623,1,722,164,0,0,170,0.2452445652173913,0.24641638225255974,0
Kentavious Caldwell-Pope,ORL,321,9769,535,80,181,41,13,5,53,0.06733773,0.12719606465214336,0.008916324
Devin Booker,PHX,279,9748,1736,103,669,174,37,7,192,0.11701244813278008,0.15789473684210525,0.020134228187919462
Bam Adebayo,MIA,288,9747,1570,4,741,172,0,0,128,0.16343184825760917,0.168294345,0
Terry Rozier,MIA,286,9675,831,58,284,86,51,13,80,0.067882472,0.10475839173736629,0.022931654676258992
Jaylen Brown,BOS,280,9653,1338,17,628,173,27,3,80,0.11260099707753138,0.16198091307712148,0.013917525773195877
Royce O'Neale,PHX,326,9604,227,0,87,16,0,0,35,0.038891372373714796,0.12700729927007298,0
Giannis Antetokounmpo,MIL,285,9544,3133,1,1534,401,4,0,215,0.23413000456690516,0.26484806629834257,0.005148005
James Harden,LAC,263,9447,1737,72,569,113,146,40,143,0.1640552995391705,0.24233390119250425,0.071787149
Tyrese Haliburton,IND,285,9431,752,59,312,109,14,6,77,0.081806775,0.1455223880597015,0.007604563
Darius Garland,CLE,272,9296,940,62,339,71,15,5,125,0.077157803,0.1158182439357704,0.009030704
Stephen Curry,GSW,275,9275,1374,93,403,120,118,32,159,0.08930408,0.16107114308553158,0.035414165666266505
Russell Westbrook,DEN,306,9247,1366,2,628,138,7,1,110,0.13136119155978485,0.16657824933687002,0.006578947
Jrue Holiday,BOS,283,9216,604,17,244,55,2,0,73,0.063093101,0.10008203445447088,0.001368925
Coby White,CHI,306,9193,634,15,256,63,16,1,64,0.07001287,0.13074565883554648,0.008303062
Donovan Mitchell,CLE,267,9177,1403,57,497,139,62,10,165,0.095581915,0.15037821482602118,0.023487261146496817
Josh Hart,NYK,281,9159,640,4,303,83,5,2,49,0.12106918238993711,0.1854345165238678,0.005494505
Jarrett Allen,CLE,289,9080,1142,0,518,120,0,0,112,0.16878462039752362,0.17135296063513067,0
Keldon Johnson,SAS,299,9045,1045,9,531,155,13,3,45,0.12604263206672844,0.18559944075498078,0.008934708
Dennis Schroder,BKN,293,9011,973,46,352,75,10,1,130,0.098606938,0.14338085539714868,0.007462687
Kyle Kuzma,WAS,280,9008,825,9,397,105,8,2,54,0.087529717,0.13799096280848105,0.004571429
Dorian Finney-Smith,BKN,290,8968,247,0,108,24,1,0,26,0.045721477,0.12217194570135746,0.000666667
CJ McCollum,NOP,262,8954,712,15,315,90,18,4,56,0.067862238,0.11241970021413276,0.008551069
P.J. Washington,DAL,294,8941,595,2,292,70,1,0,38,0.085547445,0.15232133541992696,0.00066313
Gary Trent Jr.,MIL,286,8908,634,41,222,55,35,7,58,0.064089776,0.11116675012518779,0.017386984600099353
Shai Gilgeous-Alexander,OKC,257,8876,2209,102,909,199,12,1,234,0.16220500176118352,0.19666810904370402,0.011363636363636364
Damian Lillard,MIL,247,8863,1877,110,571,111,100,15,237,0.12754229233985934,0.2097722263041881,0.039385585
LeBron James,LAL,250,8852,1427,38,710,247,13,3,85,0.13361670670855663,0.18698972873321043,0.008054523
Tyrese Maxey,PHI,282,8814,988,50,454,141,8,3,73,0.10466696873584051,0.15606737710553456,0.005315615
Saddiq Bey,ATL,292,8804,842,14,395,93,22,5,36,0.11310494834148994,0.21751101321585903,0.011278195488721804
Derrick White,BOS,289,8759,743,18,339,90,11,0,51,0.1025791324736225,0.2002362669816893,0.006399069
Zach LaVine,CHI,249,8735,1279,76,562,138,14,1,89,0.11851851851851852,0.1865250580816462,0.007579859
D'Angelo Russell,LAL,277,8690,842,50,287,57,17,4,114,0.073270668,0.13417484805984103,0.008457711
Jordan Poole,WAS,307,8681,1108,47,397,98,58,12,107,0.097912632,0.1663175534143276,0.025663717
Kevin Huerter,SAC,304,8641,309,24,118,26,5,1,32,0.038377535101404056,0.082748948,0.002810568
Jaden McDaniels,MIN,307,8526,365,1,177,59,5,3,30,0.070216049,0.11583769633507854,0.004699248
Chris Paul,SAS,276,8451,630,54,94,21,18,4,182,0.036951501,0.047861507,0.016869728209934397
Aaron Gordon,DEN,277,8438,1004,0,483,126,5,0,75,0.1487931561258784,0.19413183279742766,0.005095541
Jimmy Butler,MIA,250,8402,2012,113,882,194,9,1,150,0.2155297532656023,0.24264099037138928,0.018036072144288578
Luguentz Dort,OKC,279,8400,798,14,357,74,11,1,55,0.10900473933649289,0.20779976717112922,0.006634499
Andrew Wiggins,GSW,272,8377,821,1,410,92,14,7,32,0.10698965430229625,0.15726889144610665,0.010324484
Jonas Valanciunas,WAS,319,8336,980,0,470,96,1,0,66,0.12437285450224451,0.14105642256902762,0.002197802
Malik Beasley,DET,301,8332,274,48,87,25,11,4,27,0.027992002,0.078167116,0.004606365
Tyler Herro,MIA,251,8293,715,36,258,58,40,9,63,0.06877193,0.10643564356435643,0.019448946515397084
Mike Conley,MIN,285,8262,616,26,194,40,26,4,86,0.073162621,0.14088598402323893,0.015950920245398775
Ivica Zubac,LAC,317,8236,875,0,399,63,0,0,70,0.15758293838862558,0.15795724465558195,0
Franz Wagner,ORL,256,8204,995,32,435,93,9,0,83,0.11064041863942188,0.15104166666666666,0.007943513
Brandon Ingram,NOP,243,8198,1276,56,515,122,30,5,121,0.11609048228766539,0.14548022598870056,0.02530541
John Collins,UTA,278,8176,813,4,379,108,3,0,77,0.11179397131987123,0.15226998794696664,0.003232759
Deandre Ayton,POR,266,8160,615,0,317,89,0,0,35,0.091884058,0.094401429,0
Deni Avdija,POR,311,8156,704,4,336,94,4,1,56,0.12408759124087591,0.19189034837235866,0.004044489
Isaac Okoro,CLE,300,8132,569,0,298,73,1,0,20,0.1394589552238806,0.22372372372372373,0.001231527
Kevin Durant,PHX,225,8131,1479,43,537,143,46,12,198,0.12470537818727234,0.1565597667638484,0.036378335
Jalen Green,HOU,249,8124,1160,54,493,111,25,8,86,0.11679819616685456,0.18874425727411945,0.013713658804168952
Clint Capela,ATL,300,8121,783,0,394,85,0,0,40,0.13328822733423545,0.13342363697934304,0
Jerami Grant,POR,240,8119,1341,58,555,104,48,16,83,0.14440172993753003,0.19992795389048992,0.033189033
Tim Hardaway Jr.,DET,284,8115,650,10,210,49,57,14,60,0.072842221,0.13972055888223553,0.025761124
OG Anunoby,NYK,231,8089,537,7,247,56,4,0,39,0.078566939,0.1348989623156745,0.002220577
Dillon Brooks,HOU,268,8066,637,24,284,64,13,3,36,0.077387198,0.12126387702818105,0.007482993
Kyrie Irving,DAL,223,8020,908,73,346,104,28,8,94,0.079530917,0.11579651941097724,0.015863689776733254
Grayson Allen,PHX,282,8002,484,37,174,35,11,0,49,0.073296355,0.18831168831168832,0.006875
Anthony Davis,LAL,231,7984,1621,60,675,176,4,0,186,0.1512042818911686,0.16544117647058823,0.007425743
Kelly Oubre Jr.,PHI,269,7981,854,9,415,117,21,7,42,0.11156601842374617,0.18082788671023964,0.013019218846869188
Jordan Clarkson,UTA,276,7967,810,38,262,76,73,13,71,0.074781046,0.11144193960017014,0.033777355
Caris LeVert,CLE,266,7926,800,6,363,70,14,6,51,0.1022016852405545,0.14913722267871815,0.010441767068273093
Lauri Markkanen,UTA,251,7859,1020,35,387,93,28,5,123,0.10883818515604511,0.1894273127753304,0.015819209039548022
Karl-Anthony Towns,NYK,236,7856,1324,38,611,177,11,3,107,0.14580403187998126,0.2052401746724891,0.008533747
Scottie Barnes,TOR,224,7831,779,15,359,95,2,0,64,0.10696296296296297,0.13893188854489164,0.002528445
Terance Mann,LAC,327,7808,495,1,231,52,2,0,38,0.098478445,0.14294554455445543,0.002666667
Norman Powell,LAC,268,7807,1028,13,414,79,35,6,88,0.12237093690248566,0.19246861924686193,0.022516556291390728
Jakob Poeltl,TOR,282,7793,705,0,322,98,0,0,76,0.12490302560124127,0.1250485436893204,0
Bobby Portis,MIL,312,7751,461,0,197,51,2,0,54,0.055385472,0.078174603,0.001863933
Brook Lopez,MIL,263,7739,523,0,267,85,4,2,33,0.095948827,0.16760828625235405,0.002457002
Bojan Bogdanovic,NYK,257,7718,977,52,331,66,20,6,141,0.094993234,0.16029055690072638,0.012269938650306749
Paul George,PHI,227,7706,998,68,390,85,22,4,90,0.095392452,0.15372487189594009,0.012345679012345678
Draymond Green,GSW,258,7697,410,0,175,48,1,0,52,0.10051399200456881,0.14193025141930252,0.001930502
Miles Bridges,CHA,226,7681,690,11,343,97,2,0,40,0.1002906976744186,0.15850277264325324,0.001567398
Grant Williams,CHA,311,7666,445,3,173,46,3,2,62,0.087064677,0.1876355748373102,0.001838235
Donte DiVincenzo,MIN,284,7653,355,9,99,17,17,2,59,0.041816871,0.103125,0.009371555
Joel Embiid,PHI,229,7634,2612,63,1164,241,7,0,221,0.21573323507737657,0.25010743446497635,0.009043928
Desmond Bane,MEM,261,7550,608,79,213,66,7,1,83,0.059527045392769776,0.10560237977193852,0.003610108
Bradley Beal,PHX,218,7527,1064,64,456,118,22,7,79,0.1101087207957437,0.14308126764982743,0.017605633802816902
Kyle Lowry,PHI,240,7492,563,17,183,40,23,8,84,0.088783023,0.18846549948506694,0.016442451420029897
Reggie Jackson,PHI,302,7473,421,11,154,38,7,3,63,0.047888161808447356,0.078291815,0.005017921
Immanuel Quickley,TOR,294,7442,877,53,334,82,37,8,74,0.10731848423488574,0.1829134720700986,0.022685469037400367
Kyle Anderson,GSW,308,7432,582,1,263,59,8,1,47,0.11424957841483979,0.14554510237963475,0.014159292
Spencer Dinwiddie,DAL,247,7392,848,9,381,85,23,3,50,0.14003466204506065,0.23962264150943396,0.017760618
Tyus Jones,PHX,312,7386,269,19,87,19,7,2,40,0.035227272727272725,0.054958938723941884,0.005676443
Duncan Robinson,MIA,282,7379,276,18,47,12,44,13,36,0.034351145,0.0856102,0.020762916465475616
Bruce Brown,TOR,284,7370,540,2,272,77,1,1,35,0.11156518185533307,0.14498933901918976,0.001751313
Myles Turner,IND,251,7326,907,0,449,114,1,0,61,0.14653207424291761,0.22551481667503767,0.000925926
Michael Porter Jr.,DEN,235,7325,425,5,184,55,21,5,29,0.062157221206581355,0.10855457227138643,0.012602394
Bogdan Bogdanovic,ATL,250,7317,417,25,142,22,21,2,35,0.048927816,0.099162011,0.010643959552953698
Evan Mobley,CLE,222,7314,825,1,414,102,0,0,48,0.140625,0.15705614567526555,0
Anfernee Simons,POR,250,7174,588,58,210,46,23,4,49,0.065320998,0.12338425381903642,0.012332439678284183
Ayo Dosunmu,CHI,258,7167,315,3,146,36,3,1,23,0.068379991,0.10369318181818182,0.003891051
Malik Monk,SAC,285,7120,651,52,256,62,5,0,69,0.07823741,0.14678899082568808,0.003140704
Nicolas Batum,LAC,289,6985,173,0,57,12,19,5,13,0.048192771,0.12527472527472527,0.016934046
Al Horford,BOS,243,6960,174,1,76,28,1,0,23,0.038308457711442784,0.083516484,0.000909091
Cole Anthony,ORL,276,6952,804,45,308,69,14,2,89,0.10037641154328733,0.14758025874460948,0.010899182561307902
Jaren Jackson Jr.,MEM,241,6941,1233,3,571,135,17,2,87,0.14879594423320658,0.21132494448556624,0.012872083668543845
Herbert Jones,NOP,227,6826,497,8,222,45,0,0,46,0.11696522655426765,0.17549407114624507,0
Kristaps Porzingis,BOS,221,6760,1171,42,495,114,3,1,127,0.1354364971444112,0.19951632406287786,0.002508361
Marcus Smart,MEM,215,6759,550,1,184,40,22,3,80,0.087585034,0.1616871704745167,0.018121911037891267
Josh Giddey,CHI,235,6758,406,4,204,64,0,0,30,0.067371202,0.090787717,0
Georges Niang,CLE,333,6749,200,7,82,22,4,1,18,0.036783575705731396,0.10761154855643044,0.002538071
Khris Middleton,MIL,224,6741,759,56,235,56,52,12,79,0.084344481,0.11048425011753643,0.039936102236421724
Cameron Johnson,BKN,249,6721,477,17,191,59,17,6,48,0.079359023,0.1734786557674841,0.011184211
Isaiah Stewart,DET,260,6652,462,0,210,52,0,0,45,0.10552763819095477,0.14179608372721134,0
Wendell Carter Jr.,ORL,241,6651,749,0,327,71,0,0,82,0.13069544364508393,0.1802646085997795,0
Rui Hachimura,LAL,249,6649,514,4,250,57,1,0,28,0.0942546,0.12866700977869275,0.001388889
Pat Connaughton,MIL,286,6640,205,3,64,14,13,4,29,0.04272063,0.1219047619047619,0.009569378
Devin Vassell,SAS,248,6635,472,23,201,59,25,6,22,0.075276012,0.11985688729874776,0.018292682926829267
Reggie Bullock Jr.,HOU,255,6633,141,54,22,5,4,1,18,0.015911873,0.058355437665782495,0.00318218
Caleb Martin,PHI,268,6607,427,0,189,43,6,1,37,0.094111969,0.14905362776025236,0.007462687
Max Strus,CLE,257,6605,263,9,73,20,27,6,30,0.042680324,0.10579710144927536,0.016333938294010888
Ja Morant,MEM,204,6602,1443,18,633,147,7,0,136,0.1511572980632971,0.19089264173703258,0.007625272
Eric Gordon,PHI,237,6580,508,28,199,48,21,3,38,0.089869281,0.17704626334519574,0.015861027190332326
Austin Reaves,LAL,226,6531,717,33,276,89,18,7,89,0.13387978142076504,0.22240128928283642,0.018848167539267015
Corey Kispert,WAS,250,6487,331,10,144,38,9,3,28,0.069894929,0.16234498308906425,0.006912442
LaMelo Ball,CHA,202,6484,739,51,281,69,10,3,88,0.077849117,0.13451412158927717,0.006064281
Kelly Olynyk,TOR,257,6476,680,8,263,75,14,1,89,0.12360553324408746,0.19524870081662954,0.015659955257270694
De'Andre Hunter,ATL,214,6450,715,9,305,71,16,3,61,0.11711054359722729,0.17319704713231118,0.016326531
Alperen Sengun,HOU,234,6449,992,1,426,118,2,0,122,0.1436241610738255,0.16033120060218292,0.00619195
Mason Plumlee,PHX,276,6416,794,0,375,83,0,0,66,0.22058823529411764,0.22255192878338279,0
Nic Claxton,BKN,244,6409,640,0,309,87,0,0,53,0.1609375,0.16220472440944883,0
Kevon Looney,GSW,320,6394,448,0,212,46,0,0,35,0.1475295755045233,0.1496118560338744,0
Naz Reid,MIN,319,6345,635,3,323,88,0,0,35,0.10971467391304347,0.17346938775510204,0
Patrick Williams,CHI,228,6336,362,1,174,36,1,0,20,0.090299278,0.13657770800627944,0.001506024
Jusuf Nurkic,PHX,237,6314,886,0,422,112,0,0,73,0.1696823482106956,0.19673659673659674,0
Jamal Murray,DEN,189,6311,619,60,196,40,12,2,93,0.064157927,0.095890411,0.010016694
Collin Sexton,UTA,220,6293,1079,36,472,120,6,0,99,0.14071239328819546,0.1858267716535433,0.007001167
Alex Caruso,OKC,252,6276,325,2,138,27,2,0,33,0.088161209,0.17380352644836272,0.002518892
Malcolm Brogdon,WAS,207,6215,676,46,268,58,2,0,73,0.088408644,0.13569620253164558,0.001853568
Josh Richardson,MIA,240,6176,355,28,107,22,11,4,53,0.053620531622364805,0.092400691,0.009765625
Daniel Gafford,DAL,301,6139,688,0,345,112,0,0,55,0.18053375196232338,0.1806282722513089,0
Jeff Green,HOU,284,6122,625,0,321,77,2,1,28,0.16061660865241173,0.2431818181818182,0.002894356
KJ Martin,PHI,285,6122,497,0,266,67,0,0,17,0.13187902825979178,0.17792642140468226,0
Alec Burks,MIA,259,6087,745,32,268,53,36,9,69,0.11915060951631931,0.20921155347384857,0.027733756
Klay Thompson,DAL,198,6055,340,20,127,26,14,5,30,0.042636831,0.089060309,0.00744285
Christian Wood,LAL,226,6030,905,1,387,101,16,2,94,0.14105263157894737,0.20347003154574134,0.015822784810126583
Taurean Prince,MIL,265,6005,316,8,135,42,9,1,28,0.074658254,0.15358361774744028,0.00684262
De'Anthony Melton,GSW,246,5996,345,3,124,23,6,2,52,0.057155516171909615,0.12168792934249265,0.004038772
Seth Curry,CHA,249,5884,268,47,51,16,28,15,43,0.037554165,0.049707602339181284,0.025689819219790674
Gordon Hayward,OKC,194,5882,613,8,288,73,1,0,51,0.11676767676767677,0.16008893829905502,0.00147929
Keegan Murray,SAC,182,5881,236,3,111,28,3,0,14,0.053697597739048517,0.11431513903192585,0.002604167
Jae'Sean Tate,HOU,254,5867,448,0,201,56,2,1,49,0.10283687943262411,0.13852515506547208,0.003824092
Kawhi Leonard,LAC,172,5850,860,38,352,102,10,3,98,0.1131957473420888,0.1497235219055721,0.011806375442739079
Nickeil Alexander-Walker,MIN,275,5830,330,11,130,30,7,0,35,0.061352441,0.11948529411764706,0.006113537
Monte Morris,PHX,235,5821,269,11,93,22,11,5,36,0.052525252525252523,0.07660626,0.014360313315926894
Justin Holiday,DEN,249,5808,159,5,48,9,14,3,16,0.035178777,0.094117647,0.010620915032679739
Cedi Osman,SAS,274,5789,386,1,152,44,13,3,44,0.075342466,0.15767634854771784,0.010603588907014683
Chris Boucher,TOR,289,5784,697,2,328,78,8,0,46,0.14457831325301204,0.2213225371120108,0.009501188
T.J. McConnell,IND,266,5746,227,0,102,41,0,0,30,0.048733874820831344,0.053769109,0
P.J. Tucker,LAC,229,5743,115,0,28,7,1,0,32,0.032150776,0.06763285,0.00204918
Luke Kennard,MEM,245,5742,206,32,42,15,20,6,32,0.032760473,0.065318818,0.015586546349466776
Marcus Morris Sr.,CLE,225,5708,368,12,115,23,27,12,44,0.062035823503713415,0.090125392,0.026653504
Tre Jones,SAS,259,5679,414,17,160,41,1,0,57,0.084293194,0.10723860589812333,0.002392344
Matisse Thybulle,POR,267,5671,118,0,57,13,0,0,6,0.049265341400172864,0.11608961303462322,0
Jabari Smith Jr.,HOU,179,5594,440,7,192,38,4,0,37,0.092979127,0.15750615258408532,0.004499438
Patrick Beverley,MIL,235,5587,333,0,109,24,1,0,63,0.074274139,0.16100443131462333,0.001243781
Gary Harris,ORL,219,5574,254,20,92,21,9,2,25,0.061012813,0.1276005547850208,0.008714597
Isaiah Hartenstein,OKC,279,5536,451,0,217,70,1,0,40,0.15044858523119392,0.1585098612125639,0.0125
Derrick Jones Jr.,LAC,274,5519,412,0,208,55,3,0,21,0.1340533672172808,0.2115971515768057,0.005076142
Jarred Vanderbilt,LAL,245,5481,408,0,186,43,0,0,39,0.1425287356321839,0.15911035072711718,0
Killian Hayes,DET,210,5478,253,21,86,19,3,0,36,0.048687089715536105,0.070146819,0.004983389
Devonte' Graham,SAS,227,5472,445,25,131,23,25,6,58,0.07255814,0.19552238805970149,0.016891891891891893
Torrey Craig,CHI,266,5462,157,0,72,19,0,0,16,0.048192771,0.098630137,0
Delon Wright,MIL,255,5451,304,0,115,23,3,1,44,0.083451202,0.12721238938053098,0.005882353
Robert Covington,PHI,218,5449,197,1,71,8,5,0,23,0.054208274,0.1392156862745098,0.005605381
Lonnie Walker IV,BKN,244,5442,383,8,176,38,7,1,21,0.072160883,0.128,0.006029285
Payton Pritchard,BOS,291,5414,182,7,61,11,7,2,24,0.034119418,0.081117021,0.005640612
Paolo Banchero,ORL,157,5411,1152,9,549,109,7,0,67,0.18093068662544745,0.22894078398665554,0.01037037
Trey Murphy III,NOP,210,5400,432,56,164,45,8,0,37,0.086,0.2138200782268579,0.00648824
Onyeka Okongwu,ATL,256,5398,543,1,260,65,0,0,42,0.16049382716049382,0.17379679144385027,0
Zion Williamson,NOP,166,5376,1331,0,709,202,0,0,54,0.22080348800996574,0.22622846202935545,0
Talen Horton-Tucker,CHI,260,5345,560,10,272,69,0,0,35,0.11356993736951983,0.163855422,0
Jalen Suggs,ORL,201,5329,514,4,205,44,9,4,57,0.097184378,0.16585760517799353,0.00931677
Cade Cunningham,DET,159,5316,578,53,227,49,5,0,54,0.076872101,0.1071260028315243,0.005561735
Davion Mitchell,TOR,251,5286,186,3,73,27,0,0,31,0.041242938,0.071779744,0
Precious Achiuwa,NYK,265,5266,484,0,240,51,0,0,27,0.12631578947368421,0.1561483409238777,0
Andre Drummond,PHI,284,5259,763,0,370,91,0,0,57,0.17193308550185873,0.1737905119774542,0
Jaden Ivey,DET,175,5254,765,1,369,75,4,1,46,0.14401544401544403,0.2109777015437393,0.004756243
Jalen Williams,OKC,169,5230,493,4,248,59,0,0,27,0.10512929207291224,0.13847012841987716,0
Joe Ingles,MIN,233,5228,167,16,45,11,4,1,31,0.036002939,0.12465373961218837,0.004
Doug McDermott,SAC,264,5216,243,7,89,26,22,4,14,0.053088803,0.094781683,0.018534863195057368
Dwight Powell,DAL,297,5211,617,0,271,78,0,0,72,0.2310315430520034,0.24480578139114725,0
Kevin Porter Jr.,LAC,168,5196,588,9,222,56,34,4,50,0.1041073607157381,0.15677966101694915,0.032598274209012464
Aaron Nesmith,IND,249,5190,346,2,145,43,9,1,34,0.088439306,0.1724137931034483,0.008998875
Obi Toppin,IND,307,5176,322,2,156,37,3,2,21,0.08030303,0.1368421052631579,0.003571429
Patty Mills,UTA,230,5150,181,11,31,7,21,4,32,0.028618602091359385,0.055555556,0.016679904686258934
Josh Green,CHA,245,5135,241,0,108,29,6,4,21,0.0861678,0.13688212927756654,0.011235955056179775
Shake Milton,BKN,262,5115,431,7,196,55,6,3,38,0.10074812967581047,0.1391057487579844,0.010067114093959731
Jae Crowder,SAC,200,5113,219,5,63,11,26,9,19,0.058625337,0.12830957230142567,0.024169184
Mitchell Robinson,NYK,193,5058,422,0,201,40,0,0,30,0.18491260349586017,0.18491260349586017,0
Jonathan Kuminga,GSW,232,5042,712,0,357,65,2,0,25,0.1507769844603108,0.19391634980988592,0.003703704
Drew Eubanks,UTA,298,5023,481,1,204,41,0,0,59,0.14697406340057637,0.15235250186706498,0
Will Barton,TOR,183,5005,295,12,117,27,6,2,32,0.0627231,0.10724106324472961,0.006896552
Naji Marshall,DAL,250,4966,463,6,218,49,3,0,32,0.12563956793632747,0.18973020017406442,0.004918033
Cameron Payne,NYK,261,4932,287,5,120,24,9,3,22,0.0604782,0.097560976,0.009966777
Kenrich Williams,OKC,250,4901,177,0,86,15,0,0,9,0.058265582655826556,0.091880342,0
Larry Nance Jr.,ATL,217,4893,250,0,105,22,0,0,31,0.087354409,0.11904761904761904,0
Steven Adams,HOU,189,4882,483,0,195,46,0,0,71,0.17317939609236235,0.17395182872435325,0
Maxi Kleber,DAL,203,4829,193,0,62,11,1,0,37,0.061643836,0.18181818181818182,0.001468429
Garrison Mathews,ATL,268,4772,401,22,63,8,84,23,27,0.10770381451009724,0.26359832635983266,0.073770492
Cam Thomas,BKN,207,4766,725,19,295,65,36,12,51,0.12259259259259259,0.1597184623714131,0.042203986
Moritz Wagner,ORL,271,4704,697,1,342,94,2,0,50,0.16829745596868884,0.24324324324324326,0.003134796
John Konchar,MEM,254,4688,144,0,62,14,2,0,14,0.064,0.12375249500998003,0.004008016
Gabe Vincent,LAL,221,4674,165,0,58,16,10,2,20,0.044884488448844885,0.097315436,0.010881393
Evan Fournier,DET,181,4656,307,25,103,31,22,2,23,0.062972292,0.12576312576312576,0.018867924528301886
Trey Lyles,SAC,248,4653,474,0,234,70,3,1,35,0.1446886446886447,0.271461717,0.003865979
Amir Coffey,LAC,257,4623,328,2,144,33,6,2,28,0.11045655375552282,0.19807427785419532,0.009508716
Cory Joseph,ORL,229,4615,280,24,100,26,1,0,41,0.075882795,0.12391573729863693,0.001908397
Kevin Love,MIA,228,4595,461,9,128,25,27,5,73,0.077655311,0.1693121693121693,0.021774193548387097
Bennedict Mathurin,IND,162,4579,809,25,388,91,10,2,38,0.1783953384132676,0.24265165728580362,0.015822784810126583
Dean Wade,CLE,229,4567,137,1,51,18,4,1,18,0.051935788,0.1705685618729097,0.005263158
Jevon Carter,CHI,290,4489,70,7,18,5,0,0,15,0.012482662968099861,0.033707865168539325,0
Aaron Holiday,HOU,284,4445,255,13,97,20,2,0,32,0.064663619,0.10694597574421169,0.003205128
Marvin Bagley III,WAS,199,4437,484,0,248,61,0,0,25,0.12563323201621074,0.14850299401197606,0
Darius Bazley,UTA,176,4406,430,1,226,45,0,0,10,0.13040969417195614,0.20232766338406447,0
Quentin Grimes,DAL,190,4382,200,0,73,19,14,8,23,0.063281825,0.16590909090909092,0.014145810663764961
Landry Shamet,WAS,216,4373,256,8,74,17,27,7,23,0.063442211,0.13479052823315119,0.025886865
Santi Aldama,MEM,195,4331,294,0,111,35,11,3,36,0.077415227,0.13309352517985612,0.013717421124828532
Brandon Clarke,MEM,209,4330,406,0,214,85,2,1,28,0.13382899628252787,0.1440107671601615,0.015625
Isaiah Joe,OKC,268,4289,217,8,49,15,31,6,24,0.052493438,0.1279373368146214,0.02716915
Troy Brown Jr.,DET,235,4264,123,3,56,18,0,0,13,0.049513705,0.11067193675889328,0
Joe Harris,DET,173,4261,99,2,33,8,9,4,10,0.031343284,0.075,0.01
Jalen McDaniels,TOR,232,4249,311,1,156,44,4,0,16,0.1095890410958904,0.16595744680851063,0.007692308
Cody Martin,CHA,182,4230,222,0,104,26,4,1,15,0.096428571,0.14565826330532214,0.009852217
Josh Okogie,PHX,253,4217,476,1,212,36,4,1,38,0.17536704730831973,0.280794702,0.006369427
Aaron Wiggins,OKC,221,4214,242,1,123,33,0,0,13,0.090574374,0.13898305084745763,0
Mo Bamba,LAC,233,4193,260,3,128,31,0,0,17,0.085504342,0.14382022471910114,0
Terrence Ross,PHX,172,4125,302,19,92,28,34,8,21,0.073043478,0.10076670317634173,0.041871921
Xavier Tillman Sr.,BOS,242,4080,265,0,132,38,0,0,20,0.10810810810810811,0.13253012048192772,0
Cam Reddish,LAL,180,4075,337,0,160,26,1,0,19,0.11557788944723618,0.19875776397515527,0.00170068
Andrew Nembhard,IND,154,4043,134,1,59,18,0,0,17,0.045914396887159536,0.071256039,0
Jaxson Hayes,LAL,258,4040,496,1,252,70,1,0,30,0.20602605863192183,0.225201072,0.009174312
Jalen Duren,DET,151,4000,404,0,202,52,0,0,26,0.16369529983792544,0.16449511400651465,0
Jeremy Sochan,SAS,141,3958,302,0,156,40,0,0,14,0.099363057,0.13109243697478992,0
Daniel Theis,NOP,196,3944,254,0,113,28,0,0,27,0.091497976,0.12899543378995434,0
Montrezl Harrell,PHI,197,3902,653,0,342,107,0,0,38,0.21348314606741572,0.2179732313575526,0
Jalen Johnson,ATL,171,3887,306,1,157,43,0,0,16,0.10221354166666667,0.14080717488789238,0
Damion Lee,PHX,198,3879,229,8,64,13,4,2,51,0.057823129,0.1191806331471136,0.006259781
Robert Williams III,POR,161,3863,226,0,116,40,0,0,16,0.12393162393162394,0.12473118279569892,0
Tre Mann,CHA,181,3857,217,12,102,31,3,1,14,0.064063453,0.11062906724511931,0.0041841
Chuma Okeke,ORL,189,3831,133,0,61,12,1,0,10,0.051607445008460234,0.12151394422310757,0
Zach Collins,SAS,184,3809,401,1,165,44,0,0,52,0.10679611650485436,0.14473684210526316,0
Oshae Brissett,BOS,208,3796,457,0,214,36,8,1,21,0.1676829268292683,0.27365728900255754,0.011320754716981131
Richaun Holmes,WAS,191,3778,328,2,161,52,0,0,26,0.13089430894308943,0.13394342762063227,0
Ben Simmons,BKN,133,3767,367,0,157,36,0,0,45,0.14443422263109476,0.14604651162790697,0
Theo Maledon,PHX,177,3753,324,5,145,38,2,0,31,0.10777126099706745,0.18733850129198967,0.003389831
Thaddeus Young,PHX,207,3732,203,0,106,47,0,0,19,0.081601232,0.090987124,0
Jalen Smith,CHI,229,3730,384,1,180,50,1,0,35,0.11558109833971902,0.17716535433070865,0.001818182
Walker Kessler,UTA,155,3691,297,0,136,41,0,0,30,0.140641158,0.1439153439153439,0
Nick Richards,CHA,209,3647,462,1,238,64,0,0,24,0.23333333333333334,0.234251969,0
Sam Hauser,BOS,205,3631,38,3,12,3,0,0,6,0.010398613518197574,0.062176166,0
Christian Braun,DEN,180,3610,274,1,137,30,0,0,15,0.12431941923774954,0.1747448979591837,0
Ochai Agbaji,TOR,161,3590,145,1,70,21,3,0,8,0.067843866,0.12962962962962962,0.005597015
Danilo Gallinari,MIL,166,3523,428,39,158,21,7,0,37,0.11735419630156473,0.20844327176781002,0.010802469135802469
Bismack Biyombo,OKC,202,3520,300,0,121,34,0,0,47,0.14919852034525277,0.14938271604938272,0
Dennis Smith Jr.,BKN,170,3507,254,2,103,21,5,1,26,0.089256198,0.11431742508324085,0.016181229773462782
Hamidou Diallo,WAS,168,3496,488,0,255,68,0,0,22,0.16346153846153846,0.18695014662756598,0
Carmelo Anthony,LAL,138,3483,313,18,114,20,15,6,26,0.079900125,0.13073394495412843,0.019178082191780823
Eric Bledsoe,LAC,125,3472,312,0,140,44,6,0,29,0.1123076923076923,0.18041237113402062,0.011450381679389313
Jose Alvarado,NOP,182,3454,202,6,75,10,4,0,19,0.060862866,0.11194029850746269,0.006369427
Danny Green,PHI,144,3445,55,1,8,1,9,4,10,0.018338727076591153,0.044198895,0.012064343163538873
Davis Bertans,CHA,201,3436,203,22,15,4,40,10,29,0.046296296296296294,0.094339623,0.038872691933916424
Aleksej Pokusevski,CHA,168,3429,168,0,73,8,2,1,13,0.057692307692307696,0.099184783,0.003546099
Ziaire Williams,BKN,171,3403,196,3,80,16,7,0,13,0.07008965,0.12759170653907495,0.01
Malaki Branham,SAS,159,3377,153,6,72,16,1,1,10,0.052480230050323505,0.087061669,0.00177305
Jaylen Nowell,NOP,190,3367,266,7,129,38,3,2,17,0.081683168,0.12684365781710916,0.005008347
Wesley Matthews,ATL,195,3365,121,3,36,6,9,1,14,0.057441253263707574,0.16981132075471697,0.014440433
Jordan Nwora,TOR,206,3358,207,2,101,30,3,2,14,0.073602265,0.1293213828425096,0.004746835
Austin Rivers,MIN,155,3341,114,1,48,10,1,0,10,0.058125741,0.1415929203539823,0.001984127
Shaedon Sharpe,POR,128,3326,289,4,128,29,2,0,26,0.092067989,0.1509433962264151,0.003546099
Keita Bates-Diop,BKN,209,3318,274,1,144,42,3,1,10,0.13802816901408452,0.18461538461538463,0.010526315789473684
Chimezie Metu,DET,213,3315,271,0,134,23,0,0,14,0.11148086522462562,0.15820543093270367,0
Ricky Rubio,CLE,135,3308,288,23,91,14,4,0,44,0.081335616,0.13112391930835735,0.008438819
Jordan McLaughlin,SAC,232,3302,120,2,37,8,0,0,26,0.046307885,0.085450346,0
Raul Neto,CLE,182,3280,227,5,88,20,2,0,30,0.084269663,0.11891891891891893,0.006097561
Javonte Green,NOP,171,3264,233,0,117,28,3,0,8,0.14545454545454545,0.20347826086956522,0.012
Markelle Fultz,ORL,129,3263,226,2,96,38,0,0,35,0.071535022,0.079734219,0
Rudy Gay,UTA,174,3211,230,6,93,16,10,2,14,0.074691806,0.12236842105263158,0.016155089
Chris Duarte,CHI,172,3207,225,4,94,19,9,2,15,0.080760095,0.13642960812772134,0.013937282229965157
Lamar Stevens,MEM,203,3193,237,2,112,29,0,0,17,0.1050656660412758,0.1341317365269461,0
Ish Smith,CHA,195,3188,65,0,28,7,0,0,7,0.027000964,0.031076582,0
Goga Bitadze,ORL,216,3182,325,0,144,37,1,0,35,0.14442231075697212,0.1811320754716981,0.004784689
Dyson Daniels,ATL,143,3176,130,0,54,12,0,0,15,0.063305979,0.1,0
Nassir Little,PHX,189,3163,205,0,91,27,3,0,21,0.096311475,0.1780821917808219,0.006451613
Furkan Korkmaz,PHI,194,3129,222,1,81,19,10,1,26,0.078993056,0.15517241379310345,0.015873015873015872
R.J. Hampton,MIA,170,3116,277,3,125,24,2,0,20,0.11298932384341637,0.1717032967032967,0.005050505
Garrett Temple,TOR,175,3108,117,2,46,13,0,0,18,0.054892601,0.11948051948051948,0
Trendon Watford,BKN,184,3106,323,3,161,40,0,0,18,0.14663023679417123,0.17829457364341086,0
Lonzo Ball,CHI,98,3094,92,0,33,8,4,3,14,0.032258065,0.0825,0.005354752
Brandon Miller,CHA,94,3071,234,8,106,30,6,2,17,0.072171651,0.12879708383961117,0.006993007
Bones Hyland,LAC,172,3039,265,19,84,15,8,2,37,0.060248854,0.125,0.009356725
Malachi Flynn,DET,213,3032,184,7,64,16,8,4,25,0.063047285,0.11072664359861592,0.014184397163120567
Haywood Highsmith,MIA,159,3006,88,0,31,9,3,0,12,0.046961326,0.093373494,0.007653061
Svi Mykhailiuk,UTA,201,3003,139,7,42,7,11,3,14,0.047321429,0.096551724,0.016058394160583942
JaMychal Green,GSW,182,3002,217,0,106,20,1,0,11,0.10288461538461538,0.17491749174917492,0.002304147
Danuel House Jr.,PHI,168,2975,227,2,103,22,7,3,13,0.12835472578763127,0.24523809523809523,0.016018306636155607
DeAndre Jordan,DEN,190,2948,241,0,118,29,0,0,17,0.16619718309859155,0.16666666666666666,0
Moses Moody,GSW,204,2938,217,0,102,29,10,4,9,0.1069723018147087,0.19844357976653695,0.018761726
Paul Reed,DET,226,2932,173,0,96,31,0,0,4,0.099895942,0.10971428571428571,0
Miles McBride,NYK,190,2922,128,2,39,7,8,3,19,0.048654244306418216,0.096774194,0.014209591474245116
Dario Saric,DEN,181,2910,274,0,133,36,0,0,22,0.11625874125874126,0.19616519174041297,0
Bryn Forbes,MIN,170,2908,163,7,41,9,27,7,8,0.054954204829308906,0.081836327,0.035714286
Ty Jerome,CLE,152,2860,167,7,80,19,1,1,9,0.073636364,0.13675213675213677,0.001941748
Juan Toscano-Anderson,SAC,189,2854,125,0,47,13,0,0,20,0.074249605,0.11547911547911548,0
Isaiah Roby,SAS,148,2847,274,2,127,23,1,0,18,0.12648221343873517,0.17092866756393002,0.003717472
Simone Fontecchio,DET,141,2825,138,1,52,11,10,3,10,0.060311284,0.12530120481927712,0.016313214
James Wiseman,IND,148,2799,287,0,138,35,0,0,23,0.12332439678284182,0.13043478260869565,0
Tristan Thompson,CLE,168,2790,294,0,116,27,0,0,46,0.14129110840438489,0.14268142681426815,0
Mike Muscala,OKC,194,2783,170,12,56,12,11,3,15,0.066009852,0.1568627450980392,0.016717325227963525
Kris Dunn,LAC,131,2764,117,0,60,17,0,0,7,0.071343639,0.099009901,0
George Hill,IND,130,2758,167,14,42,9,4,1,32,0.068249258,0.11602209944751381,0.012820513
Tari Eason,HOU,126,2752,221,2,114,28,1,0,8,0.10070052539404553,0.1336459554513482,0.003460208
Jeremiah Robinson-Earl,NOP,156,2743,138,0,67,8,0,0,5,0.076222981,0.1342685370741483,0
Victor Wembanyama,SAS,90,2717,435,13,192,49,9,4,35,0.1197854588796186,0.1735985533453888,0.015734265734265736
Keyonte George,UTA,97,2717,290,10,117,28,18,4,14,0.11065573770491803,0.19630872483221476,0.028846153846153848
Taj Gibson,CHA,178,2717,157,0,67,13,0,0,18,0.11672473867595819,0.13814432989690723,0
Blake Griffin,BOS,143,2714,225,2,96,28,2,0,27,0.10606060606060606,0.18972332015810275,0.004784689
Goran Dragic,MIL,129,2704,200,0,68,13,4,1,33,0.065514104,0.10559006211180125,0.008791209
Khem Birch,TOR,142,2682,205,0,101,20,1,0,10,0.14697406340057637,0.1616,0.014492753623188406
Chet Holmgren,OKC,92,2677,324,1,157,37,3,0,17,0.13479359730412804,0.19674185463659147,0.007712082
Facundo Campazzo,DAL,138,2661,171,1,45,11,5,2,37,0.075642965,0.18907563025210083,0.011820331
Derrick Rose,MEM,127,2652,197,4,96,17,2,0,6,0.075968992,0.099688474,0.006116208
David Roddy,ATL,149,2640,146,0,74,16,0,0,7,0.079144385,0.1383177570093458,0
Gary Payton II,GSW,170,2636,103,0,47,15,0,0,12,0.064383562,0.094,0
Kendrick Nunn,WAS,126,2614,101,6,40,9,1,0,11,0.035964912280701755,0.067114094,0.001838235
Stanley Johnson,SAS,139,2569,168,0,81,22,0,0,14,0.12180451127819548,0.21148825065274152,0
Yuta Watanabe,MEM,180,2560,133,0,62,10,1,1,9,0.087743733,0.1884498480243161,0.002570694
Luke Kornet,BOS,196,2545,128,0,64,18,0,0,9,0.10756302521008404,0.12379110251450677,0
JaVale McGee,SAC,208,2544,299,0,142,42,0,0,28,0.12944393801276208,0.13498098859315588,0
Jabari Walker,POR,147,2524,229,0,110,29,0,0,18,0.12987012987012986,0.1732283464566929,0
Brandin Podziemski,GSW,96,2510,107,4,48,16,1,0,8,0.060869565,0.097959184,0.003174603
Jaime Jaquez Jr.,MIA,93,2499,219,1,108,24,1,1,13,0.11834961997828447,0.1581259150805271,0.004201681
Julian Champagnie,SAS,115,2499,148,1,44,9,24,4,2,0.08131068,0.1588447653429603,0.042047532
Jock Landale,HOU,193,2486,230,0,107,29,0,0,23,0.12270642201834862,0.1638591117917305,0
Zeke Nnaji,DEN,209,2472,209,0,91,17,1,0,21,0.12568306010928962,0.18346774193548387,0.004237288
Kemba Walker,DAL,89,2461,241,7,80,20,18,3,23,0.083191851,0.137221269,0.030252100840336135
James Johnson,IND,143,2460,141,1,72,20,0,0,8,0.096128171,0.13688212927756654,0
Toumani Camara,POR,94,2459,125,0,55,11,1,1,12,0.08320951,0.1371571072319202,0.003676471
Terence Davis,SAC,155,2451,142,2,67,21,1,0,12,0.059964726631393295,0.14135021097046413,0.001515152
Bilal Coulibaly,WAS,84,2441,200,2,103,26,0,0,7,0.1446629213483146,0.22440087145969498,0
Isaiah Jackson,IND,163,2438,350,0,164,38,0,0,30,0.18101545253863136,0.18807339449541285,0
Dalano Banton,POR,171,2399,240,2,118,28,0,0,14,0.10640216411181244,0.16164383561643836,0
Josh Jackson,SAC,113,2390,295,3,137,36,4,2,23,0.12702702702702703,0.1900138696255201,0.010282776349614395
Victor Oladipo,MIA,83,2359,236,6,88,18,8,3,25,0.085181899,0.13858267716535433,0.016260162601626018
Thomas Bryant,MIA,144,2348,248,0,128,37,0,0,14,0.1461187214611872,0.17902097902097902,0
Alex Len,SAC,195,2334,233,0,116,21,0,0,11,0.17008797653958943,0.1850079744816587,0
Robin Lopez,MIL,160,2329,211,0,89,27,0,0,31,0.1141025641025641,0.1196236559139785,0
Otto Porter Jr.,TOR,114,2329,114,1,45,13,2,1,16,0.063599459,0.11904761904761904,0.005540166
Damian Jones,CLE,175,2309,239,0,121,35,0,0,15,0.19738988580750408,0.2208029197080292,0
Nerlens Noel,BKN,106,2303,112,0,44,9,0,0,16,0.12429378531073447,0.12716763005780346,0
Cason Wallace,OKC,105,2297,44,0,24,6,0,0,1,0.039087948,0.077669903,0
Bol Bol,PHX,165,2252,153,0,72,26,6,1,9,0.1,0.12478336221837089,0.029556650246305417
Jericho Sims,NYK,161,2249,76,0,37,12,0,0,7,0.13805970149253732,0.13857677902621723,0
Peyton Watson,DEN,125,2222,169,1,83,13,0,0,8,0.11448275862068966,0.16306483300589392,0
Lou Williams,ATL,122,2222,251,2,93,16,14,0,19,0.10122989593188268,0.12109375,0.048442907
Tomas Satoransky,WAS,113,2213,133,1,62,20,2,0,11,0.11347517730496454,0.1585677749360614,0.011560693641618497
Scoot Henderson,POR,79,2211,254,0,107,19,4,0,25,0.10461828463713478,0.1453804347826087,0.012307692307692308
Kevin Knox II,DET,166,2199,124,3,59,14,0,0,9,0.074589128,0.16032608695652173,0
Ben McLemore,POR,117,2190,141,9,29,7,20,2,13,0.050901379,0.12663755458515283,0.026610644
Elfrid Payton,NOP,120,2177,141,0,69,21,0,0,12,0.077441077,0.089147287,0
Enes Freedom,BOS,107,2169,192,0,94,28,0,0,17,0.1298342541436464,0.13146853146853146,0
Jordan Goodwin,MEM,121,2167,128,0,56,14,0,0,14,0.071794872,0.1076923076923077,0
Dwight Howard,LAL,129,2166,356,0,166,33,0,0,29,0.2534351145038168,0.267741935,0
Willy Hernangomez,NOP,133,2143,338,2,153,33,1,0,30,0.17401129943502824,0.1797884841363102,0.029411764705882353
Josh Christopher,HOU,138,2120,173,1,74,17,1,0,18,0.084554679,0.12171052631578948,0.003584229
Markieff Morris,DAL,142,2088,75,1,29,6,4,0,3,0.046413502109704644,0.084548105,0.010869565217391304
Justise Winslow,POR,103,2058,129,0,56,6,1,0,10,0.079608939,0.10181818181818182,0.006024096
Andre Iguodala,GSW,102,2054,61,0,20,3,0,0,12,0.049875312,0.14705882352941177,0
Isaiah Livers,DET,94,2051,71,3,23,4,6,0,4,0.055876685934489405,0.13609467455621302,0.017142857142857144
John Wall,LAC,74,2043,324,3,164,38,1,1,15,0.13865546218487396,0.1971153846153846,0.002793296
Amen Thompson,HOU,86,2034,248,0,128,34,0,0,12,0.17438692098092642,0.19814241486068113,0
JT Thor,CLE,168,2027,89,0,38,8,2,0,8,0.077669903,0.13620071684587814,0.008474576
Jaden Hardy,DAL,143,2018,180,2,79,19,0,0,20,0.078606965,0.13957597173144876,0
Serge Ibaka,MIL,111,2018,110,0,51,17,1,0,10,0.069333333,0.098646035,0.004291845
D.J. Augustin,LAL,112,2012,137,12,27,4,14,2,19,0.068333333,0.13043478260869565,0.035623409669211195
Avery Bradley,LAL,89,2008,33,3,12,2,0,0,4,0.022598870056497175,0.054545455,0
DeAndre' Bembry,MIL,107,1998,101,0,51,10,1,0,3,0.10590631364562118,0.12718204488778054,0.011111111111111112
Brandon Boston Jr.,NOP,127,1961,188,4,75,11,4,2,18,0.087680355,0.12135922330097088,0.014134275618374558
Juancho Hernangomez,TOR,134,1958,147,0,72,16,3,1,6,0.12998266897746968,0.2656826568265683,0.009803922
Saben Lee,PHX,134,1943,256,0,118,17,1,0,17,0.17894736842105263,0.2205607476635514,0.007692308
Day'Ron Sharpe,BKN,144,1908,225,0,113,31,0,0,16,0.15983026874115983,0.16815476190476192,0
Frank Jackson,UTA,94,1907,179,7,63,15,17,5,10,0.095351609,0.15869017632241814,0.038461538461538464
Anthony Gill,WAS,197,1903,189,0,80,18,1,0,21,0.14673913043478262,0.1895734597156398,0.007692308
Max Christie,LAL,131,1899,103,1,43,4,2,1,8,0.091836735,0.16475095785440613,0.008733624
Romeo Langford,SAS,109,1898,110,0,54,14,0,0,8,0.098360656,0.14025974025974025,0
Cody Zeller,NOP,133,1896,241,0,104,21,0,0,28,0.16828478964401294,0.17900172117039587,0
Gradey Dick,TOR,79,1885,127,3,44,7,5,0,15,0.064136126,0.11609498680738786,0.012987012987012988
Sterling Brown,LAL,104,1881,46,1,16,3,2,1,6,0.035433071,0.080808081,0.006451613
Kent Bazemore,LAL,106,1878,95,0,41,9,0,0,11,0.072824156,0.13712374581939799,0
Dwayne Bacon,ORL,72,1853,176,4,81,18,4,1,9,0.10732323232323232,0.13917525773195877,0.019047619
Sam Merrill,CLE,123,1835,50,6,8,1,4,2,11,0.018575851393188854,0.086021505,0.007233273
Wayne Ellington,LAL,89,1822,46,12,2,0,7,2,6,0.015463917525773196,0.021978022,0.014256619144602852
Tony Snell,NOP,100,1815,15,0,6,2,3,2,0,0.025936599423631124,0.055045872,0.012605042016806723
Jaylin Williams,OKC,118,1811,95,0,45,9,0,0,6,0.090361446,0.18672199170124482,0
Moses Brown,IND,150,1804,306,0,141,30,0,0,27,0.21107784431137724,0.21107784431137724,0
Jake LaRavia,MEM,95,1804,177,2,76,13,2,0,14,0.1270358306188925,0.23100303951367782,0.007017544
Anthony Black,ORL,95,1787,140,0,56,13,1,0,18,0.12127659574468085,0.18064516129032257,0.00625
Trent Forrest,ATL,151,1758,87,0,40,9,0,0,8,0.098280098,0.11695906432748537,0
Blake Wesley,SAS,117,1757,141,0,69,10,1,0,5,0.12589928057553956,0.16121495327102803,0.0078125
Kira Lewis Jr.,UTA,131,1745,105,3,46,10,2,0,7,0.068473609,0.1013215859030837,0.008097166
Nemanja Bjelica,GSW,108,1738,132,3,52,12,1,0,17,0.091537133,0.1511627906976744,0.004255319
Timothe Luwawu-Cabarrot,ATL,110,1735,84,2,37,7,3,1,5,0.069686411,0.17535545023696683,0.008264463
Dereck Lively II,DAL,74,1734,132,0,65,16,0,0,8,0.14573991031390135,0.1463963963963964,0
LaMarcus Aldridge,BKN,73,1725,149,1,79,24,0,0,7,0.097651422,0.11566617862371889,0
Caleb Houstan,ORL,126,1716,46,4,12,2,3,0,6,0.033018868,0.1643835616438356,0.005698006
Hassan Whiteside,UTA,101,1708,246,0,113,26,0,0,23,0.17628705148205928,0.1765625,0
Wenyen Gabriel,MEM,120,1704,148,0,70,24,0,0,15,0.14056224899598393,0.17676767676767677,0
Dewayne Dedmon,PHI,121,1702,176,0,76,20,0,0,21,0.13523131672597866,0.1613588110403397,0
Jeremy Lamb,SAC,92,1701,181,6,75,19,3,0,19,0.11436950146627566,0.1968503937007874,0.009966777
Derrick Favors,OKC,107,1692,105,0,52,13,0,0,7,0.11206896551724138,0.11659192825112108,0
Sandro Mamukelashvili,SAS,147,1679,128,0,60,12,0,0,10,0.1001669449081803,0.17191977077363896,0
Bryce McGowens,POR,106,1671,165,0,84,18,1,1,7,0.17,0.26498422712933756,0.005464481
Ausar Thompson,DET,68,1659,126,0,65,16,0,0,6,0.11648745519713262,0.14908256880733944,0
Frank Ntilikina,CHA,143,1657,78,2,31,5,1,1,7,0.068230277,0.13191489361702127,0.004273504
Kessler Edwards,DAL,141,1656,43,0,20,7,0,0,5,0.043763676,0.094339623,0
Solomon Hill,ATL,84,1653,46,0,23,6,0,0,3,0.068656716,0.20909090909090908,0
Rodney Hood,LAC,107,1652,47,2,22,6,1,0,2,0.052995391705069124,0.096069869,0.004878049
Maurice Harkless,SAC,84,1635,71,0,33,6,1,0,3,0.090909091,0.17553191489361702,0.005376344
Anthony Lamb,GSW,88,1618,81,0,30,9,2,0,12,0.070021882,0.16393442622950818,0.00729927
Kris Murray,POR,83,1615,76,0,42,12,0,0,2,0.088235294,0.16153846153846155,0
Lindy Waters III,GSW,123,1609,32,4,9,1,3,0,2,0.021052631578947368,0.088235294,0.006410256
Bruno Fernando,TOR,162,1607,200,0,96,23,0,0,16,0.18532818532818532,0.18972332015810275,0
Edmond Sumner,BKN,106,1597,191,0,101,25,2,1,4,0.16401273885350318,0.2234513274336283,0.011363636363636364
Vince Williams Jr.,MEM,70,1586,136,11,45,5,2,0,17,0.097916667,0.19313304721030042,0.008097166
AJ Griffin,ATL,92,1572,49,0,23,4,1,0,2,0.03902439,0.07278481,0.003344482
Marcus Sasser,DET,87,1562,72,3,27,5,0,0,10,0.044262295,0.079881657,0
Keon Johnson,BKN,104,1547,115,0,44,7,2,0,14,0.07165109,0.12021857923497267,0.007246377
PJ Dozier,MIN,91,1538,85,0,43,12,1,0,4,0.084291188,0.14098360655737704,0.004608295
Paul Millsap,PHI,89,1538,122,0,50,15,5,0,11,0.098920863,0.13404825737265416,0.027322404
Vit Krejci,ATL,92,1529,39,0,19,3,2,1,0,0.058659218,0.12337662337662338,0.009803922
Keon Ellis,SAC,96,1521,67,1,19,5,4,0,11,0.062330623,0.17117117117117117,0.015503875968992248
Trayce Jackson-Davis,GSW,89,1503,162,0,89,24,0,0,4,0.1701720841300191,0.1708253358925144,0
Rodney McGruder,DET,99,1472,56,0,24,5,1,0,5,0.053533191,0.12060301507537688,0.003731343
Armoni Brooks,BKN,84,1468,35,4,11,3,4,1,1,0.027881040892193308,0.1134020618556701,0.009070295
Rajon Rondo,CLE,84,1467,43,0,9,2,1,0,9,0.022613065326633167,0.040723982,0
Jordan Hawkins,NOP,78,1463,111,17,26,1,10,2,9,0.058536585,0.10699588477366255,0.026881720430107527
Vasilije Micic,CHA,73,1459,85,1,35,8,2,0,8,0.071856287,0.11551155115511551,0.005050505
Eric Paschall,UTA,98,1431,180,0,92,28,2,0,9,0.15692821368948248,0.21149425287356322,0.012195121951219513
DeMarcus Cousins,DEN,89,1430,206,1,89,25,4,1,20,0.13237410071942446,0.20412844036697247,0.011583011583011582
AJ Green,MIL,113,1414,29,4,2,0,3,2,8,0.011235955056179775,0.033333333,0.007792208
Jonathan Isaac,ORL,90,1393,119,0,50,15,4,1,11,0.11020408163265306,0.16556291390728478,0.021276596
Thanasis Antetokounmpo,MIL,176,1386,119,0,54,8,1,0,8,0.14175257731958762,0.16119402985074627,0.018867924528301886
Vlatko Cancar,DEN,120,1381,68,0,34,10,0,0,5,0.091644205,0.16267942583732056,0
Brad Wanamaker,WAS,84,1373,126,7,59,20,1,0,9,0.14423076923076922,0.18849840255591055,0.009708738
CJ Elleby,POR,88,1367,99,0,46,9,2,0,5,0.1162227602905569,0.18326693227091634,0.012345679012345678
Mark Williams,CHA,65,1366,166,0,81,16,0,0,10,0.16804979253112035,0.16804979253112035,0
Duane Washington Jr.,PHX,79,1362,85,1,38,9,1,1,7,0.054775280898876406,0.098445596,0.003067485
Semi Ojeleye,LAC,86,1356,61,0,27,7,0,0,7,0.079411765,0.20454545454545456,0
Nikola Jovic,MIA,75,1355,86,0,38,9,1,0,8,0.083333333,0.1688888888888889,0.004115226
Trey Burke,DAL,104,1355,80,3,27,4,3,0,9,0.050505050505050504,0.07826087,0.012048192771084338
MarJon Beauchamp,MIL,111,1343,69,1,33,3,1,0,1,0.074561404,0.14347826086956522,0.004424779
Ish Wainright,PHX,116,1336,45,1,16,3,0,0,7,0.043478260869565216,0.13793103448275862,0
Omer Yurtseven,UTA,113,1335,95,0,48,17,0,0,8,0.098159509,0.10738255033557047,0
Trevor Ariza,LAL,54,1303,62,0,22,3,2,0,7,0.066481994,0.15492957746478872,0.00913242
Duop Reath,POR,81,1297,93,2,49,12,0,0,3,0.087188612,0.1644295302013423,0
David Nwaba,HOU,76,1288,135,0,69,17,0,0,8,0.1547085201793722,0.20658682634730538,0
Gorgui Dieng,SAS,113,1282,106,0,50,12,0,0,9,0.11627906976744186,0.2304147465437788,0
Tony Bradley,CHI,109,1266,88,0,43,6,0,0,4,0.11653116531165311,0.11911357340720222,0
Denzel Valentine,UTA,86,1258,17,1,5,2,0,0,4,0.010309278350515464,0.025510204081632654,0
Jalen Wilson,BKN,66,1240,86,3,35,9,0,0,11,0.096418733,0.17326732673267325,0
Daishen Nix,MIN,99,1239,74,0,32,4,0,0,7,0.089635854,0.18497109826589594,0
GG Jackson II,MEM,48,1233,153,2,73,11,0,0,8,0.1168,0.2153392330383481,0
Dalen Terry,CHI,122,1231,92,0,40,6,0,0,9,0.11869436201780416,0.19138755980861244,0
Usman Garuba,GSW,105,1227,56,0,23,6,0,0,8,0.094262295,0.1402439024390244,0
Dante Exum,DAL,61,1204,70,0,31,5,1,0,5,0.090140845,0.13191489361702127,0.008333333
Jared Butler,WAS,105,1182,74,2,31,11,0,0,11,0.063394683,0.10801393728222997,0
Johnny Davis,WAS,95,1178,60,2,24,5,1,0,5,0.064267352,0.090225564,0.008130081
Terry Taylor,CHI,95,1165,67,0,36,9,0,0,2,0.099722992,0.12203389830508475,0
Scotty Pippen Jr.,MEM,52,1142,117,2,49,11,2,1,13,0.10805084745762712,0.15123456790123457,0.013513513513513514
Frank Kaminsky,HOU,92,1131,96,0,47,10,0,0,6,0.1111111111111111,0.16206896551724137,0
Brandon Goodwin,CLE,83,1121,81,0,29,10,1,0,15,0.075566751,0.12184873949579832,0.006289308
Ousmane Dieng,OKC,88,1119,50,0,26,6,0,0,2,0.069148936,0.1511627906976744,0
Skylar Mays,LAL,105,1111,64,4,28,8,0,0,6,0.068459658,0.10606060606060606,0
Ben Sheppard,IND,70,1086,26,1,10,3,0,0,4,0.033112582781456956,0.10101010101010101,0
Joshua Primo,LAC,56,1069,68,1,28,4,1,1,6,0.089783282,0.16184971098265896,0.006666667
Eugene Omoruyi,WAS,87,1057,128,0,59,15,1,0,11,0.1348314606741573,0.19218241042345277,0.007246377
