player_id,player_name,height_in,weight_lbs,t_s,fs_year,fs_age,t_g,t_gs,t_mp,t_allstar,t_fgm,t_fga,t_2pm,t_2pa,t_3pm,t_3pa,t_ftm,t_fta,t_orb,t_ast,t_tov,t_pts,o_fgp,o_2fgp,o_3pp,o_ftp,o_tsp,o_efgp,o_ortg,o_ows,p48_ows,o_obpm,o_vorp,o_per,o_orbp,o_drbp,o_astp,o_tovp,o_usgp
jamesle01,LeBron James,81,250,5,2003,19,391,390,16088,4,3858,8262,3348,6689,510,1573,2463,3382,501,2572,1300,10689,0.467,0.501,0.324,0.728,0.548,0.498,112,42.8,0.128,6.2,39.3,25.2,3.5,16.1,31.9,11.8,31.2
paulch01,Chris Paul,73,175,5,2005,20,345,345,12881,3,2363,5001,2055,4129,308,872,1634,1926,266,3446,888,6668,0.473,0.498,0.353,0.848,0.57,0.503,121,45.3,0.169,5.3,32,25.6,2.4,12.7,46.8,13.2,24.4
duranke01,Kevin Durant,83,240,5,2007,19,380,380,14476,3,3396,7259,2834,5715,562,1544,2624,2988,349,1073,1194,9978,0.468,0.496,0.364,0.878,0.582,0.507,112,33.8,0.112,4.4,23.6,22.6,2.8,16.7,13.9,12.2,30.1
townska01,Karl-Anthony Towns,85,248,5,2015,20,358,358,12307,2,3063,5741,2556,4461,507,1280,1480,1781,1121,992,904,8113,0.534,0.573,0.396,0.831,0.622,0.578,120,36.8,0.144,4.8,21.1,25.1,10.2,28.6,14,12.2,26.3
davisan02,Anthony Davis,82,253,5,2012,19,335,330,11531,4,2843,5542,2765,5273,78,269,1733,2203,847,590,595,7497,0.513,0.524,0.29,0.787,0.576,0.52,115,31.1,0.129,4.2,21.4,26.6,8.2,25.2,9.5,8.4,27.8
jokicni01,Nikola Joki?,83,284,5,2015,20,381,340,11054,2,2486,4741,2139,3713,347,1028,1143,1384,982,2098,959,6462,0.524,0.576,0.338,0.826,0.604,0.561,121,34.2,0.149,5.2,25.4,24.9,9.8,26.8,30.5,15.2,24.6
hardeja01,James Harden,77,220,5,2009,20,371,158,11635,2,1974,4433,1298,2600,676,1833,2045,2409,242,1443,909,6669,0.445,0.499,0.369,0.849,0.607,0.522,118,34.6,0.143,3.4,17.4,20.2,2.5,11.6,20.6,14.2,24.4
lillada01,Damian Lillard,74,195,5,2012,22,396,396,14399,2,2975,6914,1933,4096,1042,2818,1888,2154,217,2447,1097,8880,0.43,0.472,0.37,0.877,0.565,0.506,113,36.7,0.123,4.3,19.7,20.2,1.7,10.5,29,12.2,27.6
leonaka01,Kawhi Leonard,79,225,5,2011,20,324,297,9680,1,1741,3487,1370,2539,371,948,767,926,423,643,388,4620,0.499,0.54,0.391,0.828,0.593,0.552,117,22.3,0.11,3,18.7,20.6,5.2,18.4,10.5,9.1,20.2
doncilu01,Luka Don?i?,78,230,5,2018,19,330,330,11319,4,3094,6644,2177,3931,917,2713,1995,2701,328,2631,1316,9100,0.466,0.554,0.338,0.739,0.581,0.535,114,24.8,0.105,6.2,26.4,25.2,3.2,24.2,41.8,14.4,35.6
antetgi01,Giannis Antetokounmpo,83,243,5,2013,19,393,328,12862,2,2467,4872,2299,4281,168,591,1649,2211,589,1497,960,6751,0.506,0.537,0.284,0.746,0.578,0.524,111,22.7,0.085,1.9,16.3,20.3,5.3,21.1,19.7,14.1,23.9
goberru01,Rudy Gobert,85,258,5,2013,21,325,234,9084,0,1181,1924,1181,1921,0,3,878,1396,1003,384,511,3240,0.614,0.615,0,0.629,0.638,0.614,121,20,0.105,1.1,12.2,20.6,12.9,28,6.7,16.8,15.4
curryst01,Stephen Curry,74,185,5,2009,21,336,330,11946,1,2456,5263,1551,3205,905,2058,997,1113,220,2247,1068,6814,0.467,0.484,0.44,0.896,0.592,0.553,113,27.9,0.112,4,18.1,20.3,2.1,10.7,31.1,15.7,25.2
westbru01,Russell Westbrook,76,200,5,2008,20,394,377,13520,3,2786,6446,2535,5614,251,832,2009,2469,649,2726,1370,7832,0.432,0.452,0.302,0.814,0.52,0.452,107,22.2,0.079,2.9,14.9,20.7,5.7,10.3,35.7,15.4,29.7
drumman01,Andre Drummond,83,279,5,2012,19,385,335,11439,1,2216,4043,2211,4024,5,19,683,1793,1786,277,594,5120,0.548,0.549,0.263,0.381,0.53,0.549,108,15.3,0.064,0.9,8.7,21.6,16.5,31.5,4.1,10.9,20.8
butleji01,Jimmy Butler,79,230,5,2011,22,323,219,10071,2,1437,3231,1190,2477,247,754,1271,1565,439,837,403,4392,0.445,0.48,0.328,0.812,0.56,0.483,116,22,0.105,1.6,12.4,17.7,4.9,10.9,13.7,9.3,19.3
adebaba01,Bam Adebayo,81,255,5,2017,20,343,239,9666,1,1756,3145,1749,3095,7,50,1098,1481,738,1189,708,4617,0.558,0.565,0.14,0.741,0.608,0.559,118,19.5,0.097,1.1,12.1,20,8.6,24,19.7,15.7,20.7
tatumja01,Jayson Tatum,80,210,5,2017,19,365,365,12184,3,2728,5979,1901,3821,827,2158,1357,1608,319,1106,779,7640,0.456,0.498,0.383,0.844,0.571,0.525,111,16.9,0.067,2.3,14.8,18.8,2.9,18.6,14.9,10.4,26.7
allenja01,Jarrett Allen,81,243,5,2017,19,341,276,9063,1,1538,2457,1520,2362,18,95,851,1218,939,467,456,3945,0.626,0.644,0.189,0.699,0.659,0.63,127,22,0.117,1,8.5,20,11.2,23.8,7.9,13.2,16.4
horfoal01,Al Horford,81,240,5,2007,21,317,313,10679,2,1682,3133,1679,3121,3,12,689,905,837,766,497,4056,0.537,0.538,0.25,0.761,0.574,0.537,116,19.8,0.089,0.9,9.8,18.1,9.2,23.9,12,12.3,17.5
valanjo01,Jonas Valan?i?nas,83,265,5,2012,20,363,357,9483,0,1630,2932,1629,2928,1,4,899,1151,972,240,530,4160,0.556,0.556,0.25,0.781,0.605,0.556,117,21.2,0.107,0.6,4.7,18.9,11.8,25.7,4.2,13.4,19
youngtr01,Trae Young,73,164,5,2018,20,353,353,11941,2,2866,6551,1982,4034,884,2517,2374,2711,240,3285,1461,8990,0.437,0.491,0.351,0.876,0.58,0.505,115,28.1,0.112,5.2,15.3,22.2,2.2,9.7,44.1,15.9,32.6
greendr01,Draymond Green,78,230,5,2012,22,397,249,10627,2,1283,2950,922,1868,361,1082,639,920,490,1627,718,3566,0.435,0.494,0.334,0.695,0.531,0.496,109,11.8,0.053,0.3,14.4,15.6,5.2,21.5,20.5,17.6,16.7
thomais02,Isaiah Thomas,69,185,5,2011,22,365,233,10645,1,2044,4678,1423,2963,621,1715,1529,1771,203,1829,821,6238,0.437,0.48,0.362,0.863,0.572,0.503,114,28,0.126,3.7,12.3,19.7,2.1,7.8,29,13.1,25.7
loveke01,Kevin Love,80,251,5,2008,20,287,205,9136,2,1668,3717,1418,3007,250,710,1393,1713,1121,557,557,4979,0.449,0.472,0.352,0.813,0.557,0.482,116,23.5,0.124,3.8,10.5,22.1,13.5,29.9,10.5,11.1,24.2
simmobe01,Ben Simmons,82,240,5,2017,21,317,308,10431,3,1917,3423,1912,3387,5,36,834,1411,563,2383,1022,4673,0.56,0.565,0.139,0.591,0.578,0.561,113,15.8,0.073,1.2,14.2,19.1,6,19.5,34.1,20.2,20.7
bridgmi01,Mikal Bridges,78,209,5,2018,22,392,325,12624,0,1903,3841,1310,2265,593,1576,755,881,351,912,395,5154,0.495,0.578,0.376,0.857,0.609,0.573,121,19.3,0.073,0.4,10.3,14.4,3.1,10.7,10.1,8.5,15.9
embiijo01,Joel Embiid,85,280,5,2016,22,260,260,7943,4,2133,4384,1837,3483,296,901,1894,2343,618,796,895,6456,0.487,0.527,0.329,0.808,0.596,0.52,112,16.7,0.101,3.7,13.9,25.9,8.6,31,17.3,14.2,33.9
capelca01,Clint Capela,82,256,5,2014,20,295,235,7395,0,1522,2397,1522,2395,0,2,488,929,921,276,349,3532,0.635,0.635,0,0.525,0.629,0.635,124,20.1,0.131,1.8,7.4,22.2,13.7,26.9,6.2,11.1,18.5
irvinky01,Kyrie Irving,74,195,5,2011,19,309,309,10499,3,2338,5168,1792,3722,546,1446,1194,1380,229,1696,851,6416,0.452,0.481,0.378,0.865,0.555,0.505,111,23.8,0.109,4,14.6,20.9,2.4,9.2,30,12.8,28.3
robinmi01,Mitchell Robinson,85,240,5,2018,20,289,175,7064,0,1019,1431,1019,1431,0,0,338,639,1038,181,199,2376,0.712,0.712,,0.529,0.694,0.712,141,19.8,0.134,0.8,7.7,20.7,15.6,19.1,3.8,10.4,11.7
aytonde01,Deandre Ayton,85,252,5,2018,20,303,296,9282,0,2213,3709,2192,3629,21,80,599,793,919,495,520,5046,0.597,0.604,0.263,0.755,0.622,0.599,120,18.4,0.095,1.3,7.2,20.5,11,26.7,8.5,11.4,21.3
adamsst01,Steven Adams,83,265,5,2013,20,387,323,9858,0,1393,2377,1393,2372,0,5,613,1080,1225,345,528,3399,0.586,0.587,0,0.568,0.596,0.586,117,17,0.083,-0.3,4.4,16.3,13.8,16.1,5.2,15.6,14.7
thompkl01,Klay Thompson,77,220,5,2011,21,386,349,12533,2,2638,5867,1578,3343,1060,2524,776,910,156,885,682,7112,0.45,0.472,0.42,0.853,0.567,0.54,108,17.7,0.068,1.8,10.1,16.2,1.4,9.4,11.5,9.8,24.5
matthwe02,Wesley Matthews,77,220,5,2009,23,381,321,12194,0,1824,4124,1108,2308,716,1816,974,1167,240,772,523,5338,0.442,0.48,0.394,0.835,0.576,0.529,113,21,0.083,0.7,8.4,14.5,2.3,8.8,10.1,10.1,19.2
lopezbr01,Brook Lopez,85,282,5,2008,20,325,318,10806,1,2263,4453,2263,4447,0,6,1290,1639,908,478,664,5816,0.508,0.509,0,0.787,0.562,0.508,111,19.7,0.088,1.5,8.2,20.3,9.6,16.5,8.5,11.4,25
mitchdo01,Donovan Mitchell,75,215,5,2017,21,345,337,11637,3,2953,6701,1995,4044,958,2657,1370,1644,269,1542,964,8234,0.441,0.493,0.361,0.833,0.555,0.512,109,14.5,0.06,2.6,13.1,18.9,2.6,10.7,23,11.5,31.4
gilgesh01,Shai Gilgeous-Alexander,78,195,5,2018,20,311,302,10140,1,2287,4729,1931,3704,356,1025,1626,1925,219,1411,727,6556,0.484,0.521,0.347,0.845,0.588,0.521,115,18.5,0.087,2.5,13.1,20.1,2.3,12.6,23.2,11.5,26.5
halibty01,Tyrese Haliburton,77,185,5,2020,20,281,242,9280,2,1756,3718,1057,1914,699,1804,630,736,185,2454,630,4841,0.472,0.552,0.387,0.856,0.599,0.566,124,23.5,0.122,4.6,14.7,20.1,2.2,10.2,37.6,13.5,21.4
hillge01,George Hill,76,188,5,2008,22,357,140,9588,0,1344,2994,984,2029,360,965,795,983,174,1055,442,3843,0.449,0.485,0.373,0.809,0.561,0.509,114,16.9,0.085,0.4,8.1,14.9,2.1,9.7,17.8,11.4,18.6
georgpa01,Paul George,80,220,5,2010,20,292,244,9184,2,1548,3621,1056,2258,492,1363,853,1032,249,839,656,4441,0.428,0.468,0.361,0.827,0.545,0.495,106,10.3,0.054,1.4,12.6,17.2,3.1,18,16.2,13.9,23.4
collijo01,John Collins,81,226,5,2017,20,293,242,8488,0,1900,3396,1623,2660,277,736,760,975,722,455,444,4837,0.559,0.61,0.376,0.779,0.632,0.6,122,20.6,0.117,2,7.4,20.5,9.2,22,8.7,10.4,21.4
thomptr01,Tristan Thompson,81,254,5,2011,20,388,238,11045,0,1461,2910,1461,2904,0,6,826,1312,1304,308,456,3748,0.502,0.503,0,0.63,0.537,0.502,113,17.2,0.075,-0.4,0.7,15.3,13.2,21,4.4,11.6,16
sabondo01,Domantas Sabonis,82,240,5,2016,20,353,214,9670,2,1887,3594,1745,3152,142,442,874,1206,736,1170,763,4790,0.525,0.554,0.321,0.725,0.581,0.545,112,13.9,0.069,0.5,7.9,18,8.5,26.3,18.2,15.6,22
turnemy01,Myles Turner,83,250,5,2015,19,342,309,9689,0,1662,3405,1401,2673,261,732,768,1000,487,421,453,4353,0.488,0.524,0.357,0.768,0.566,0.526,110,10.3,0.051,-0.6,6.3,16.9,5.7,20.3,6.5,10.5,19.6
harremo01,Montrezl Harrell,79,240,5,2015,22,318,25,6643,0,1648,2683,1643,2633,5,50,736,1154,556,424,369,4037,0.614,0.624,0.1,0.638,0.633,0.615,122,18.6,0.135,2.2,7.7,22.4,9.1,16,10.7,10.4,22.7
brunsja01,Jalen Brunson,74,190,5,2018,22,345,195,9213,0,1866,3783,1451,2708,415,1075,772,951,157,1455,500,4919,0.493,0.536,0.386,0.812,0.585,0.548,119,18.8,0.098,1.5,7,17.2,1.9,11,24.9,10.6,22.3
walljo01,John Wall,75,210,5,2010,20,345,333,12411,2,2198,5104,1976,4377,222,727,1465,1857,192,2990,1272,6083,0.431,0.451,0.305,0.789,0.514,0.452,103,11.8,0.046,1.8,12.3,18.7,1.7,12.2,40.6,17.7,26.1
porteot01,Otto Porter Jr.,80,198,5,2013,20,343,243,9064,0,1407,2887,984,1841,423,1046,366,464,409,473,255,3603,0.487,0.534,0.404,0.789,0.583,0.561,117,15.1,0.08,1.1,8.9,15.6,5.1,15.8,7.8,7.6,16.3
plumlma01,Mason Plumlee,82,254,5,2013,23,389,239,8689,0,1301,2299,1301,2282,0,17,750,1326,777,786,574,3352,0.566,0.57,0,0.566,0.581,0.566,113,14.3,0.079,0,6.8,17.8,10,21.6,13.7,16.6,17.7
siakapa01,Pascal Siakam,80,245,5,2016,22,332,238,9202,1,1812,3713,1499,2749,313,964,802,1025,426,881,532,4739,0.488,0.545,0.325,0.782,0.569,0.53,112,12.3,0.064,0.6,7.5,16.9,5.1,17.8,15,11.3,22
gaffoda01,Daniel Gafford,82,265,5,2019,21,321,184,6263,0,1170,1645,1170,1644,0,1,456,683,659,317,294,2796,0.711,0.712,0,0.668,0.719,0.711,135,17,0.13,0.3,5.6,20.7,11.6,18.8,7.4,13.1,15.4
youngth01,Thaddeus Young,80,225,5,2007,19,361,140,10169,0,1927,3797,1810,3450,117,347,563,775,679,397,462,4534,0.508,0.525,0.337,0.726,0.548,0.523,109,13.1,0.062,0.5,5.7,16.5,7.7,12.9,6.7,10,20.7
batumni01,Nicolas Batum,80,230,5,2008,20,328,275,9492,0,1308,2910,802,1550,506,1360,534,636,403,685,440,3656,0.449,0.517,0.372,0.84,0.573,0.536,114,16,0.081,1.8,10,15.5,5,12.9,11.6,12.1,17.7
vucevni01,Nikola Vu?evi?,82,260,5,2011,21,324,283,9749,0,2109,4128,2102,4102,7,26,486,665,958,604,557,4711,0.511,0.512,0.269,0.731,0.533,0.512,106,12,0.059,0.7,5.7,19.3,11,25.8,11,11.2,23.1
gallida01,Danilo Gallinari,82,236,5,2008,20,285,247,8923,0,1270,3029,754,1631,516,1398,1082,1282,230,546,387,4138,0.419,0.462,0.369,0.844,0.576,0.504,116,17.9,0.097,1.8,7.5,15.7,2.9,13.9,9.2,9.7,19.8
favorde01,Derrick Favors,81,265,5,2010,19,367,191,9179,0,1583,3094,1582,3082,1,12,820,1243,908,360,559,3987,0.512,0.513,0.083,0.66,0.548,0.512,108,12.2,0.064,-0.4,4.3,18.3,11.3,22.1,6.9,13.3,20.9
maxeyty01,Tyrese Maxey,74,200,5,2020,20,278,205,8661,1,1869,4022,1295,2555,574,1467,832,966,98,1140,347,5144,0.465,0.507,0.391,0.861,0.578,0.536,119,16.2,0.09,2.1,7.1,17.4,1.3,9.3,21.2,7.2,24.3
gibsota01,Taj Gibson,81,232,5,2009,24,372,102,9040,0,1388,2872,1387,2853,1,19,597,870,848,327,471,3374,0.483,0.486,0.053,0.686,0.518,0.483,105,6.8,0.036,-1.8,2.4,15,10.8,18,6.1,12.6,18.8
inglejo01,Joe Ingles,80,220,5,2014,27,406,223,10032,0,1169,2616,500,978,669,1638,246,332,123,1364,622,3253,0.447,0.511,0.408,0.741,0.589,0.575,110,9.7,0.046,-0.4,7.9,12.5,1.4,12.7,20.2,18.4,15.1
conlemi01,Mike Conley,73,175,5,2007,20,358,329,11504,0,1600,3639,1260,2743,340,896,707,912,130,1933,703,4247,0.44,0.459,0.379,0.775,0.526,0.486,108,12.9,0.054,0.2,6.4,14.8,1.3,9.2,26.4,14.8,18.6
poweldw01,Dwight Powell,82,240,5,2014,23,331,51,5895,0,916,1656,823,1344,93,312,566,755,470,305,211,2491,0.553,0.612,0.298,0.75,0.626,0.581,125,15,0.122,0.5,5.2,18.4,8.7,19.4,8.2,9.6,16.8
barneha02,Harrison Barnes,80,225,5,2012,20,386,325,11425,0,1757,3876,1392,2890,365,986,726,936,406,563,415,4605,0.453,0.482,0.37,0.776,0.537,0.5,107,10.6,0.044,-0.6,2.7,12.8,4,13.4,7.5,8.8,18.5
mccolcj01,CJ McCollum,75,190,5,2013,22,341,244,9948,0,2233,4920,1577,3314,656,1606,738,877,181,989,602,5860,0.454,0.476,0.408,0.842,0.552,0.521,109,14.9,0.072,1.9,7.7,17.2,2,9,17.2,10.2,26.1
williro04,Robert Williams,81,249,5,2018,21,209,97,4284,0,684,935,684,931,0,4,166,253,542,299,180,1534,0.732,0.735,0,0.656,0.733,0.732,142,13.3,0.149,1.8,7.4,22.3,14,22.7,10.2,14.7,12.5
poeltja01,Jakob Poeltl,85,260,5,2016,21,348,97,6439,0,938,1485,937,1483,1,2,243,460,771,412,299,2120,0.632,0.632,0.5,0.528,0.628,0.632,125,13.1,0.098,-0.2,4.6,17.6,13.1,18.9,8.9,15.1,13.5
bealbr01,Bradley Beal,76,207,5,2012,19,324,290,10774,0,2122,4808,1459,3147,663,1661,821,1032,248,1003,609,5728,0.441,0.464,0.399,0.796,0.544,0.51,107,12.2,0.055,1.3,7.6,15.8,2.6,9.5,15.4,10.4,24.3
oladivi01,Victor Oladipo,75,213,5,2013,21,366,309,12213,1,2342,5266,1798,3724,544,1542,1125,1407,228,1403,951,6353,0.445,0.483,0.353,0.8,0.54,0.496,103,8.2,0.032,0.6,9.5,16.7,2.1,13.2,18.9,13.9,24.9
willizi01,Zion Williamson,78,284,5,2019,19,190,190,6043,2,1800,3064,1769,2973,31,91,1047,1509,427,793,540,4678,0.587,0.595,0.341,0.694,0.627,0.593,120,15.7,0.125,4.4,9.9,24.7,7.8,14.9,22.6,12.7,30.1
claxtni01,Nic Claxton,83,215,5,2019,20,241,167,6142,0,1075,1626,1072,1607,3,19,337,620,530,378,254,2490,0.661,0.667,0.158,0.544,0.656,0.662,128,12.3,0.096,0.1,5.6,19.2,9.6,24.2,9,11.8,15.3
crowdja01,Jae Crowder,78,235,5,2012,22,383,186,8897,0,1193,2741,740,1433,453,1308,574,731,271,538,302,3413,0.435,0.516,0.346,0.785,0.557,0.518,111,11.2,0.06,0,6.2,13.8,3.4,14.8,9,9,16.6
brogdma01,Malcolm Brogdon,76,229,5,2016,24,297,222,8846,0,1682,3610,1218,2408,464,1202,644,726,239,1384,516,4472,0.466,0.506,0.386,0.887,0.569,0.53,114,13.9,0.076,1.5,6.6,16.6,3,11.9,23.4,11.6,21.9
derozde01,DeMar DeRozan,78,220,5,2009,20,383,371,12751,1,2327,5207,2196,4717,131,490,1617,1984,280,846,656,6402,0.447,0.466,0.267,0.815,0.526,0.459,106,14.8,0.056,-0.2,2.2,14.9,2.6,10.5,11.7,9.7,24.2
porzikr01,Kristaps Porzi??is,86,240,5,2015,20,286,285,8905,1,1929,4375,1407,2929,522,1446,961,1188,487,418,475,5341,0.441,0.48,0.361,0.809,0.545,0.501,108,10.4,0.056,1.4,7.4,19.2,6,21.1,7.7,8.8,26.4
mobleev01,Evan Mobley,83,215,4,2021,20,218,218,7204,0,1405,2582,1326,2290,79,292,561,807,487,614,414,3450,0.544,0.579,0.271,0.695,0.587,0.559,116,9.2,0.061,0,6.5,18,7.8,22.6,12.9,12.4,20.6
onealro01,Royce O'Neale,78,226,5,2017,24,370,230,9517,0,819,1830,391,708,428,1122,219,275,226,771,348,2285,0.448,0.552,0.381,0.796,0.586,0.564,116,8.1,0.041,-1.5,6.1,9.8,2.7,17.1,10.8,15.1,10.5
murraja01,Jamal Murray,76,215,5,2016,19,345,271,10384,0,2073,4651,1400,2817,673,1834,820,934,270,1322,678,5639,0.446,0.497,0.367,0.878,0.557,0.518,111,13.6,0.063,1.3,6,16,2.9,10.5,19.2,11.8,23.9
moranja01,Ja Morant,74,174,5,2019,20,257,255,8282,2,2103,4455,1776,3428,327,1027,1250,1656,254,1903,852,5783,0.472,0.518,0.318,0.755,0.558,0.509,112,12.4,0.072,3.4,10.1,20.4,3.2,12.7,36.2,14.1,30.3
greenje02,Jeff Green,80,235,5,2007,21,396,280,12848,0,2025,4513,1670,3485,355,1028,996,1277,461,644,697,5401,0.449,0.479,0.345,0.78,0.532,0.488,103,7.2,0.027,-1,2.6,13.2,4.2,14.2,8.2,12.1,20.3
nancela02,Larry Nance Jr.,80,245,5,2015,23,315,95,7396,0,1066,1984,964,1669,102,315,328,472,656,559,305,2562,0.537,0.578,0.324,0.695,0.584,0.563,120,13,0.084,0.3,6.1,17.2,9.5,21.8,11.3,12.2,14.6
caulewi01,Willie Cauley-Stein,85,240,5,2015,22,349,237,8187,0,1421,2636,1417,2617,4,19,515,843,615,553,348,3361,0.539,0.541,0.211,0.611,0.559,0.54,113,10.9,0.064,-0.6,4.3,17,8,21.4,10.3,10.4,17.8
zelleco01,Cody Zeller,83,240,5,2013,21,312,166,7029,0,913,1813,909,1797,4,16,642,877,555,393,315,2472,0.504,0.506,0.25,0.732,0.562,0.505,113,10.2,0.07,-1.6,2.5,15.2,8.6,19,8.9,12.5,16.2
clarkbr01,Brandon Clarke,80,215,5,2019,23,243,30,5185,0,1102,1829,1052,1654,50,175,348,499,429,343,180,2602,0.603,0.636,0.286,0.697,0.635,0.616,128,12.8,0.118,1.6,6.2,20.4,8.7,19,9.8,8.1,17.9
olynyke01,Kelly Olynyk,83,240,5,2013,22,354,58,7535,0,1314,2730,954,1759,360,971,512,683,466,678,521,3500,0.481,0.542,0.371,0.75,0.577,0.547,109,10.2,0.065,0.1,5.2,16.2,6.8,18.9,14.5,14.7,20.8
portemi01,Michael Porter Jr.,82,218,5,2019,21,268,214,7443,0,1595,3199,945,1614,650,1585,359,445,336,320,298,4199,0.499,0.586,0.41,0.807,0.618,0.6,119,11.7,0.076,2.1,5.5,17.4,5.2,19.8,6.3,8.1,21.6
caldwke01,Kentavious Caldwell-Pope,77,204,5,2013,20,388,348,11946,0,1685,4118,1047,2268,638,1850,649,826,269,657,410,4657,0.409,0.462,0.345,0.786,0.52,0.487,106,9.3,0.038,-1.1,3.7,12,2.4,9.9,8.3,8.4,17.9
jordade01,DeAndre Jordan,83,265,5,2008,20,351,239,7763,0,991,1540,991,1536,0,4,358,844,813,119,391,2340,0.644,0.645,0,0.424,0.612,0.644,112,9.5,0.059,-1.4,1.7,15.4,12.3,22.6,2.4,17,13.5
theisda01,Daniel Theis,80,245,5,2017,25,306,147,5988,0,916,1682,758,1202,158,480,327,453,469,384,255,2317,0.545,0.631,0.329,0.722,0.616,0.592,122,11.2,0.09,-0.8,3.5,15.9,8.6,18.8,9.2,11.9,15.4
banede01,Desmond Bane,77,215,5,2020,22,258,206,7453,0,1625,3491,952,1848,673,1643,525,601,167,865,439,4448,0.465,0.515,0.41,0.874,0.592,0.562,116,11.3,0.073,1.9,7.5,16.8,2.4,13.6,18.1,10.5,23.5
beverpa01,Patrick Beverley,74,180,5,2012,24,291,240,8290,0,968,2339,491,1067,477,1272,295,386,352,980,384,2708,0.414,0.46,0.375,0.764,0.54,0.516,113,11.7,0.067,0,5.9,12.7,4.8,11,17.5,13.3,15.1
jacksja02,Jaren Jackson Jr.,82,242,5,2018,19,267,258,7308,1,1550,3325,1109,2072,441,1253,850,1076,372,300,449,4391,0.466,0.535,0.352,0.79,0.578,0.532,111,7.5,0.049,-0.3,5,17.9,5.4,16.2,6.2,10.6,24.4
jacksre01,Reggie Jackson,74,208,5,2011,21,351,155,8463,0,1575,3640,1265,2654,310,986,707,823,192,1478,666,4167,0.433,0.477,0.314,0.859,0.521,0.475,107,11.4,0.065,1.3,6.2,16.6,2.5,11.8,29.4,14.3,24.3
vanvlfr01,Fred VanVleet,73,197,5,2016,22,283,134,7401,0,1174,2899,623,1463,551,1436,536,627,100,1270,387,3435,0.405,0.426,0.384,0.855,0.541,0.5,113,10.2,0.066,1.1,7.3,15.5,1.5,10.5,25.1,10.9,20.8
okongon01,Onyeka Okongwu,82,240,5,2020,20,252,36,5301,0,873,1389,839,1269,34,120,401,528,584,258,217,2181,0.629,0.661,0.283,0.759,0.673,0.641,134,13.3,0.12,-0.3,2.8,18.3,11.9,19.6,6.7,11.8,14.6
quickim01,Immanuel Quickley,74,190,5,2020,21,294,68,7442,0,1336,3176,736,1574,600,1602,752,877,132,1024,362,4024,0.421,0.468,0.375,0.857,0.565,0.515,118,12.2,0.078,1.3,5.7,15.9,1.9,12.7,20.9,9.2,22.9
zubaciv01,Ivica Zubac,85,240,5,2016,19,284,151,4994,0,892,1518,891,1508,1,10,431,563,587,290,268,2216,0.588,0.591,0.1,0.766,0.628,0.588,125,12.1,0.116,0.4,3.3,19.2,12.9,23.6,8.5,13.2,17.4
lowryky01,Kyle Lowry,73,196,5,2006,20,312,101,8157,0,988,2337,758,1612,230,725,856,1113,259,1408,530,3062,0.423,0.47,0.317,0.769,0.542,0.472,112,12.3,0.072,0.3,5.6,15.3,3.6,10.9,26.5,15.8,18.4
harrito02,Tobias Harris,80,226,5,2011,19,302,216,8510,0,1503,3235,1264,2500,239,735,739,923,360,466,398,3984,0.465,0.506,0.325,0.801,0.547,0.502,108,11.1,0.063,0.6,4.7,16.3,4.7,18.6,9,9.9,21.3
wagnefr01,Franz Wagner,82,220,4,2021,20,253,253,8090,0,1714,3594,1348,2493,366,1101,824,969,247,912,473,4618,0.477,0.541,0.332,0.85,0.574,0.528,114,9.8,0.058,0.6,5.5,16.6,3.4,13.2,18.6,10.5,24.1
brownja02,Jaylen Brown,78,223,5,2016,20,337,230,9339,1,1898,4016,1344,2550,554,1466,735,1052,309,591,574,5085,0.473,0.527,0.378,0.699,0.568,0.542,108,7.2,0.037,0,3.9,15.2,3.6,14.9,10.1,11.4,23.5
mannte01,Terance Mann,77,215,5,2019,23,345,156,7687,0,1075,2136,806,1415,269,721,395,498,334,669,270,2814,0.503,0.57,0.373,0.793,0.597,0.566,122,11.6,0.072,-0.7,2.5,13,4.9,12.8,12.2,10.3,15
morrimo01,Monte Morris,74,183,5,2017,22,280,105,7066,0,1170,2434,836,1586,334,848,273,329,97,1042,218,2947,0.481,0.527,0.394,0.83,0.571,0.549,121,13.2,0.089,0.7,4.2,15.1,1.5,8.7,21,7.8,17.2
bogdabo02,Bojan Bogdanovi?,79,226,5,2014,25,399,282,11089,0,1887,4073,1204,2315,683,1758,838,991,186,558,564,5295,0.463,0.52,0.389,0.846,0.587,0.547,109,12.3,0.053,0.2,1.8,13.4,1.9,11.6,7.8,11.1,20.2
mcgeeja01,JaVale McGee,85,270,5,2008,21,354,153,7272,0,1289,2377,1288,2372,1,5,502,861,752,130,391,3081,0.542,0.543,0.2,0.583,0.559,0.542,109,9.2,0.061,-0.7,3.1,18.4,11.7,20.4,3,12.4,19.2
grantje01,Jerami Grant,79,210,5,2014,20,383,145,9233,0,1180,2558,906,1737,274,821,735,1123,368,396,360,3369,0.461,0.522,0.334,0.654,0.552,0.515,109,8.2,0.043,-1.5,2.4,12.6,4.2,13.6,6.5,10.6,15.7
edwaran01,Anthony Edwards,76,225,5,2020,19,321,303,11104,2,2661,5957,1783,3517,878,2440,1246,1571,233,1312,907,7446,0.447,0.507,0.36,0.793,0.56,0.52,108,5.3,0.023,1.5,8.7,17.1,2.3,14.3,19.1,12,29.2
bridgmi02,Miles Bridges,79,225,5,2018,20,360,255,11041,0,2024,4310,1433,2605,591,1705,703,865,397,887,539,5342,0.47,0.55,0.347,0.813,0.569,0.538,111,9.8,0.043,0.1,4.4,15,3.8,17.6,12.4,10.3,20.6
cartewe01,Wendell Carter Jr.,82,270,5,2018,19,260,246,7283,0,1274,2468,1097,1917,177,551,619,845,617,536,438,3344,0.516,0.572,0.321,0.733,0.589,0.552,114,9.3,0.062,-0.4,3.1,16.8,9.1,25.5,11.5,13.4,19.4
gordoaa01,Aaron Gordon,80,235,5,2014,19,341,252,9500,0,1605,3563,1237,2417,368,1146,671,949,532,736,462,4249,0.45,0.512,0.321,0.707,0.534,0.502,107,8.1,0.041,0.2,4.7,15.3,6,18.5,12,10.4,20.6
middlkh01,Khris Middleton,79,222,5,2012,21,296,224,9054,0,1501,3339,1070,2271,431,1068,637,729,167,809,492,4070,0.45,0.471,0.404,0.874,0.556,0.514,108,10.7,0.056,0.1,4.3,14.9,2.1,12.3,14.7,11.9,20.7
richajo01,Josh Richardson,77,200,5,2015,22,314,243,9642,0,1425,3342,921,1955,504,1387,535,654,220,904,457,3889,0.426,0.471,0.363,0.818,0.536,0.502,107,6.9,0.034,-0.8,4.2,12.7,2.5,8.9,14.1,11.2,18.6
randlju01,Julius Randle,81,250,5,2014,20,311,231,8854,0,1811,3604,1707,3265,104,339,1058,1466,665,847,744,4784,0.502,0.523,0.307,0.722,0.563,0.517,108,9.9,0.053,0,3.2,17.7,7.9,25.6,15.4,14.9,23.9
johnsca02,Cameron Johnson,80,210,5,2019,23,283,124,7220,0,1157,2588,527,982,630,1606,381,459,213,470,213,3325,0.447,0.537,0.392,0.83,0.596,0.569,119,10.2,0.068,1.2,5.9,14.3,3.3,13.4,9.2,7.1,18.1
anunoog01,OG Anunoby,79,240,5,2017,20,301,227,8060,0,1190,2532,742,1327,448,1205,316,446,310,429,334,3144,0.47,0.559,0.372,0.709,0.576,0.558,112,7.1,0.042,-0.6,4.3,12.8,4.1,12.6,7.8,10.9,16.4
tuckepj01,P.J. Tucker,77,245,5,2006,21,337,269,9406,0,986,2259,735,1540,251,719,438,586,583,552,382,2661,0.436,0.477,0.349,0.747,0.529,0.492,109,8.8,0.045,-0.8,4.1,12.1,6.8,15.9,8.6,13.2,13.5
bookede01,Devin Booker,78,206,5,2015,19,342,317,11457,1,2641,5890,1972,4000,669,1890,1732,1989,167,1610,1123,7683,0.448,0.493,0.354,0.871,0.568,0.505,108,13.7,0.058,1.7,5.3,17.1,1.6,10.4,24,14.2,29.2
holmeri01,Richaun Holmes,81,235,5,2015,22,270,62,5067,0,924,1584,885,1432,39,152,381,526,455,254,216,2268,0.583,0.618,0.257,0.724,0.625,0.596,122,11.3,0.107,0,3.3,18.8,9.8,19.6,8,10.6,17.3
sengual01,Alperen Sengun,83,243,4,2021,19,231,169,6353,0,1369,2626,1280,2310,89,316,699,982,637,899,544,3526,0.521,0.554,0.282,0.712,0.577,0.538,116,9.4,0.071,1.4,7.3,20,10.7,21.5,22.6,15.1,23.8
brownbr01,Bruce Brown,76,202,5,2018,22,349,212,8588,0,1172,2431,969,1835,203,596,432,577,383,841,379,2979,0.482,0.528,0.341,0.749,0.555,0.524,114,8,0.045,-1.5,2.5,12.8,5.1,14.1,13.6,12.4,15.5
klebima01,Maxi Kleber,82,240,5,2017,26,326,135,7389,0,820,1838,414,706,406,1132,261,328,390,345,219,2307,0.446,0.586,0.359,0.796,0.582,0.557,117,8.7,0.056,-0.6,3.8,12.4,5.7,17.2,6.5,9.9,13.1
noelne01,Nerlens Noel,83,220,5,2014,20,300,160,6850,0,1009,1930,1008,1926,1,4,426,675,607,365,429,2445,0.523,0.523,0.25,0.631,0.549,0.523,105,4.3,0.03,-1.7,4.4,16.9,9.3,22,8.9,16.2,16.9
markkla01,Lauri Markkanen,85,240,5,2017,20,282,256,8389,0,1530,3472,901,1746,629,1726,650,765,307,354,355,4339,0.441,0.516,0.364,0.85,0.57,0.531,110,8.3,0.048,0.8,4,15.4,3.9,21.1,6.6,8.5,21.6
barnesc01,Scottie Barnes,79,237,4,2021,20,221,220,7726,1,1444,3059,1207,2291,237,768,586,771,539,1060,489,3711,0.472,0.527,0.309,0.76,0.546,0.511,114,8.6,0.053,1.3,7,17,7.3,16.7,20.4,12.6,21.4
bouchch01,Chris Boucher,81,200,5,2017,25,231,23,4126,0,731,1513,523,893,208,620,406,517,419,116,123,2076,0.483,0.586,0.335,0.785,0.596,0.552,124,9.8,0.114,1.3,3.9,20,10.7,22,4.3,6.6,19.4
garlada01,Darius Garland,73,192,5,2019,20,307,303,10392,1,2081,4644,1396,2860,685,1784,813,941,147,2052,938,5660,0.448,0.488,0.384,0.864,0.56,0.522,109,8,0.037,1.1,4.3,15.5,1.6,7.1,31.3,15.6,25.4
murrade01,Dejounte Murray,76,180,5,2016,20,320,249,8257,1,1628,3577,1410,2916,218,661,519,673,323,1540,594,3993,0.455,0.484,0.33,0.771,0.515,0.486,106,4.6,0.027,0.3,7.8,17.5,4.2,20.9,28.2,13.3,23.4
hayesja02,Jaxson Hayes,85,220,5,2019,19,311,52,4929,0,806,1268,776,1156,30,112,469,663,412,201,220,2111,0.636,0.671,0.268,0.707,0.677,0.647,129,11.1,0.108,-0.7,2,17,9.2,16.9,5.8,12.4,15.3
saricda01,Dario Šari?,82,225,5,2016,22,356,205,8965,0,1497,3393,985,1960,512,1433,674,804,538,699,573,4180,0.441,0.503,0.357,0.838,0.558,0.517,108,7.6,0.041,-0.1,2.6,14,6.6,18.8,11.7,13.3,20.7
nurkiju01,Jusuf Nurki?,85,290,5,2014,20,310,229,7103,0,1443,2936,1440,2894,3,42,719,1079,776,589,635,3608,0.491,0.498,0.071,0.666,0.529,0.492,104,4.7,0.032,-0.9,3.9,19.1,11.9,26,13.2,15.7,24.6
bogdabo01,Bogdan Bogdanovi?,77,225,5,2017,25,316,151,9041,0,1651,3760,909,1826,742,1934,457,556,146,1073,468,4501,0.439,0.498,0.384,0.822,0.562,0.538,111,10.2,0.054,0.9,5.5,14.9,1.7,11.5,17.8,10.5,21.4
smartma01,Marcus Smart,75,220,5,2014,20,341,143,9688,0,1056,2837,609,1397,447,1440,615,805,315,1337,581,3174,0.372,0.436,0.31,0.764,0.497,0.451,103,3.3,0.016,-1.9,3.4,11.8,3.5,10,19.5,15.4,17
holidjr01,Jrue Holiday,76,205,5,2009,19,332,310,10933,1,1794,4095,1465,3219,329,876,564,720,298,1994,906,4481,0.438,0.455,0.376,0.783,0.508,0.478,101,4.7,0.021,0.3,6.1,15.3,3.1,9.6,29.8,17,22.4
harriga01,Gary Harris,76,210,5,2014,20,312,251,8883,0,1455,3164,984,1873,471,1291,497,620,201,661,399,3878,0.46,0.525,0.365,0.802,0.564,0.534,111,10.6,0.057,-0.3,3.1,13.7,2.5,7.5,11.2,10.4,18.6
bertada01,D?vis Bert?ns,82,225,5,2016,24,331,39,6573,0,926,2141,249,478,677,1663,325,380,116,361,203,2854,0.433,0.521,0.407,0.855,0.618,0.591,119,10.3,0.075,1.2,4.6,13.4,1.9,13.6,7.7,8.1,16.4
hartjo01,Josh Hart,76,215,5,2017,22,296,118,8071,0,1028,2284,601,1053,427,1231,435,589,253,614,343,2918,0.45,0.571,0.347,0.739,0.574,0.544,113,7.6,0.046,-0.9,3.4,12.4,3.4,19.3,10.6,11.9,15
foxde01,De'Aaron Fox,75,185,5,2017,20,322,308,10326,0,2269,4916,1905,3777,364,1139,1246,1719,169,2005,900,6148,0.462,0.504,0.32,0.725,0.542,0.499,108,9,0.042,0.9,5.4,17.5,1.8,10.5,30.4,13.7,27.4
mccontj01,T.J. McConnell,73,190,5,2015,23,385,75,8241,0,1096,2227,1008,1962,88,265,194,249,185,1817,602,2474,0.492,0.514,0.332,0.779,0.529,0.512,108,6.2,0.036,-1.5,3,14,2.5,11.9,32.5,20.5,15.4
willija06,Jalen Williams,77,211,3,2022,21,166,153,5140,0,1118,2120,901,1569,217,551,388,478,139,674,291,2841,0.527,0.574,0.394,0.812,0.61,0.579,120,8.8,0.082,1.2,5.3,18,2.9,12.7,19.3,11.1,21.7
anderky01,Kyle Anderson,81,230,5,2014,21,300,140,5882,0,643,1307,585,1128,58,179,257,364,195,572,260,1601,0.492,0.519,0.324,0.706,0.546,0.514,109,4.3,0.035,-1.3,5.4,13.5,3.7,18.5,13.9,15.1,13.2
whitede01,Derrick White,76,190,5,2017,23,263,159,6807,0,1052,2381,718,1398,334,983,589,703,126,1006,356,3027,0.442,0.514,0.34,0.838,0.563,0.512,114,9,0.064,0.5,5.3,15.3,2,11.6,20.6,11.7,19.4
covinro01,Robert Covington,79,209,5,2013,23,291,245,8544,0,1216,3050,535,1149,681,1901,577,704,279,460,529,3690,0.399,0.466,0.358,0.82,0.549,0.51,102,3.2,0.018,-0.5,5.3,13.5,3.5,17.1,8.6,13.6,19.7
hieldbu01,Buddy Hield,76,220,5,2016,24,387,265,11176,0,2267,5214,1112,2367,1155,2847,509,590,282,951,669,6198,0.435,0.47,0.406,0.863,0.566,0.546,107,8.6,0.037,1.7,6.8,15,2.7,13.7,13.1,10.9,23.8
joneshe01,Herbert Jones,79,206,4,2021,23,224,215,6720,0,814,1690,585,1070,229,620,398,484,273,532,286,2255,0.482,0.547,0.369,0.822,0.592,0.549,118,6.9,0.049,-1.7,3.1,12.5,4.5,9.6,10.7,13.1,14
morrima03,Marcus Morris,80,218,5,2011,22,337,139,8351,0,1267,2939,860,1818,407,1121,467,668,333,487,389,3408,0.431,0.473,0.363,0.699,0.527,0.5,106,7.7,0.044,-0.3,3.3,13,4.4,14.4,9.1,10.7,19
biyombi01,Bismack Biyombo,80,255,5,2011,19,366,158,7764,0,630,1242,630,1241,0,1,433,775,753,115,316,1693,0.507,0.508,0,0.559,0.535,0.507,107,5.3,0.033,-2.9,-1,12.6,10.8,24.1,2.3,16.6,11.2
reaveau01,Austin Reaves,77,197,4,2021,23,226,117,6531,0,972,1998,629,1054,343,944,608,717,150,867,356,2895,0.486,0.597,0.363,0.848,0.626,0.572,121,10.7,0.078,0.3,2.9,14.3,2.6,10.6,18.2,13.3,17.6
murphtr02,Trey Murphy III,80,206,4,2021,21,206,97,5258,0,820,1825,358,631,462,1194,364,421,156,290,123,2466,0.449,0.567,0.387,0.865,0.613,0.576,125,9.5,0.087,1.4,4.4,15,3.3,12.7,7.8,5.8,17.5
reidna01,Naz Reid,81,264,5,2019,20,326,57,6272,0,1353,2728,959,1666,394,1062,461,643,364,361,376,3561,0.496,0.576,0.371,0.717,0.591,0.568,112,5.8,0.044,-0.1,3.9,17.2,6.3,20,9,11.1,23.1
gordoer01,Eric Gordon,75,215,5,2008,20,247,230,8592,0,1488,3358,1066,2196,422,1162,1044,1284,127,813,600,4442,0.443,0.485,0.363,0.813,0.566,0.506,109,11.7,0.065,1.1,4.3,15.8,1.7,6.9,16.5,13.3,23.9
wrighde01,Delon Wright,77,185,5,2015,23,271,23,5377,0,718,1597,550,1106,168,491,361,457,207,780,269,1965,0.45,0.497,0.342,0.79,0.546,0.502,115,7.8,0.07,0.4,5.5,15.8,4.2,12.5,20.7,13,16.8
ingrabr01,Brandon Ingram,80,190,5,2016,19,313,274,10211,1,2016,4373,1596,3228,420,1145,1114,1473,243,1105,737,5566,0.461,0.494,0.367,0.756,0.554,0.509,107,7.8,0.037,0.1,3.4,14.7,2.5,14,16.5,12.8,23.6
willigr01,Grant Williams,78,236,5,2019,21,364,101,8231,0,892,1971,473,861,419,1110,355,462,344,515,359,2558,0.453,0.549,0.377,0.768,0.588,0.559,114,5.9,0.034,-2.3,0.3,9.9,4.6,12.8,8.4,14.2,13.4
morrima02,Markieff Morris,81,245,5,2011,22,372,166,9427,0,1668,3752,1442,3052,226,700,713,939,522,633,626,4275,0.445,0.472,0.323,0.759,0.513,0.475,101,4.5,0.023,-1.1,2.5,14.7,6.1,17.8,11,13.1,22.4
pritcpa01,Payton Pritchard,73,195,5,2020,23,287,14,5293,0,848,1891,369,693,479,1198,154,178,179,661,214,2329,0.448,0.532,0.4,0.865,0.591,0.575,122,9.4,0.085,0.8,3.4,14.4,3.8,10.6,17.5,9.8,18
okorois01,Isaac Okoro,77,225,5,2020,20,298,228,8090,0,893,1908,608,1104,285,804,414,568,276,501,246,2485,0.468,0.551,0.354,0.729,0.576,0.543,116,7.1,0.042,-2.5,-0.2,10.1,3.9,7.9,8.5,10.2,13.1
beysa01,Saddiq Bey,79,215,4,2020,21,292,223,8804,0,1372,3360,722,1514,650,1846,709,842,415,538,281,4103,0.408,0.477,0.352,0.842,0.55,0.505,114,9.4,0.051,0.6,2.9,13.6,5,14.4,9.3,7,19.4
huertke01,Kevin Huerter,79,198,5,2018,20,349,291,10325,0,1608,3624,840,1630,768,1994,281,367,207,1092,463,4265,0.444,0.515,0.385,0.766,0.563,0.55,112,8.7,0.041,-0.4,3.1,12.2,2.2,10.6,15,10.9,17.5
vandeja01,Jarred Vanderbilt,80,214,5,2018,19,244,162,5013,0,616,1075,584,964,32,111,247,384,513,359,238,1511,0.573,0.606,0.288,0.643,0.607,0.588,123,7.2,0.069,-1,3,15.3,10.9,23.7,9.7,16.1,12.4
kuzmaky01,Kyle Kuzma,81,221,5,2017,22,342,212,10399,0,2013,4487,1375,2604,638,1883,672,929,378,759,646,5336,0.449,0.528,0.339,0.723,0.545,0.52,104,3.3,0.015,-0.2,2.7,13.8,4,17.9,11.1,11.7,22.8
kennalu01,Luke Kennard,77,206,5,2017,21,297,74,6973,0,1069,2380,519,1086,550,1294,278,320,77,603,277,2966,0.449,0.478,0.425,0.869,0.588,0.565,114,8.5,0.059,0.1,3,12.8,1.2,12.1,12.9,9.9,17.6
greenja01,JaMychal Green,81,227,5,2014,24,299,151,6624,0,960,2006,776,1507,184,499,405,526,576,284,354,2509,0.479,0.515,0.369,0.77,0.561,0.524,109,6.7,0.049,-1.1,0.5,14.1,9.7,22.1,6.9,13.7,17.5
trentga02,Gary Trent Jr.,77,204,5,2018,20,270,160,7811,0,1387,3297,730,1584,657,1713,469,567,109,393,196,3900,0.421,0.461,0.384,0.827,0.55,0.52,114,8.5,0.052,-0.1,2.7,13.7,1.5,7.6,7.4,5.2,20.5
finnedo01,Dorian Finney-Smith,79,220,5,2016,23,314,202,8116,0,861,1970,473,853,388,1117,239,328,458,404,257,2349,0.437,0.555,0.347,0.729,0.555,0.536,113,7.1,0.042,-1.2,1.7,10.7,6.1,12.9,7,10.8,12.9
robindu01,Duncan Robinson,79,215,5,2018,24,281,210,7323,0,1034,2413,209,343,825,2070,213,246,51,409,243,3106,0.429,0.609,0.399,0.866,0.616,0.599,114,7.4,0.048,-0.1,2,11.1,0.8,11,8.3,8.8,16.8
lopezro01,Robin Lopez,85,281,5,2008,20,324,176,5622,0,929,1773,929,1772,0,1,470,640,554,107,270,2328,0.524,0.524,0,0.734,0.567,0.524,113,9.5,0.081,-0.7,1,16.4,11.5,14.3,3.2,11.6,18.8
dedmode01,Dewayne Dedmon,82,245,5,2013,24,286,124,4812,0,639,1158,589,1016,50,142,244,351,452,161,248,1572,0.552,0.58,0.352,0.695,0.599,0.573,113,6.1,0.061,-1.7,1.3,15.2,10.5,27.5,5.1,15.9,14.4
johnske04,Keldon Johnson,77,220,5,2019,20,293,232,8762,0,1756,3780,1263,2404,493,1376,777,1022,334,672,417,4782,0.465,0.525,0.358,0.76,0.565,0.53,112,7.6,0.042,0.1,1.6,14.8,4,16,11.4,9,22.4
dinwisp01,Spencer Dinwiddie,77,215,5,2014,21,253,81,6168,0,894,2191,578,1212,316,979,681,850,101,1146,386,2785,0.408,0.477,0.323,0.801,0.543,0.48,112,9.4,0.073,0.3,2.9,14.7,1.7,9.5,28.5,13.1,20.5
whiteco01,Coby White,77,195,5,2019,19,348,152,10116,0,1770,4141,1001,2058,769,2083,587,692,133,1288,575,4896,0.427,0.486,0.369,0.848,0.551,0.52,109,6.1,0.029,-0.5,0.8,12.9,1.5,12.6,18.6,11.5,21.6
divindo01,Donte DiVincenzo,76,203,5,2018,22,273,127,6645,0,888,2113,428,841,460,1272,251,323,283,758,384,2487,0.42,0.509,0.362,0.777,0.551,0.529,110,4.3,0.031,-0.9,3.5,12.7,4.6,14.9,15,14.6,16.6
paytoel01,Elfrid Payton,75,195,5,2014,20,342,295,10104,0,1557,3429,1413,2952,144,477,540,857,386,2243,838,3798,0.454,0.479,0.302,0.63,0.499,0.475,103,4.9,0.023,-0.4,3.6,15.2,4.1,12.1,33.9,18,20.2
hardati02,Tim Hardaway Jr.,77,205,5,2013,21,338,116,8459,0,1462,3437,884,1756,578,1681,591,733,105,581,350,4093,0.425,0.503,0.344,0.806,0.544,0.509,107,8.8,0.05,0.3,2.1,13.5,1.4,9.4,11.3,8.5,21.8
thybuma01,Matisse Thybulle,77,201,5,2019,22,332,119,6957,0,600,1378,322,555,278,823,108,159,186,360,186,1586,0.435,0.58,0.338,0.679,0.548,0.536,110,2.6,0.018,-2.6,4.7,10.5,3,7.7,6.9,11.4,10.2
birchkh01,Khem Birch,80,233,5,2017,25,262,75,4663,0,518,1000,505,932,13,68,310,445,536,267,145,1359,0.518,0.542,0.191,0.697,0.568,0.525,124,8.1,0.083,-1.3,1.2,14.8,12,16.2,8.1,10.8,12.4
harteis01,Isaiah Hartenstein,85,250,5,2018,20,247,12,3888,0,562,972,536,888,26,84,215,316,441,350,223,1365,0.578,0.604,0.31,0.68,0.614,0.592,123,7.1,0.088,-0.9,2.9,17.3,12.4,20.8,13.3,16.7,14.9
toppiob01,Obi Toppin,81,220,5,2020,22,303,43,5093,0,949,1820,665,1004,284,816,245,317,223,333,200,2427,0.521,0.662,0.348,0.773,0.619,0.599,121,8.4,0.08,1,3.6,15.8,4.8,16.5,9.5,9.3,18.2
allengr01,Grayson Allen,76,198,5,2018,23,264,171,6170,0,857,1969,356,700,501,1269,341,396,123,448,229,2556,0.435,0.509,0.395,0.861,0.596,0.562,117,7.5,0.058,-0.3,2.4,12.2,2.1,10.1,9.8,9.7,16.3
ballla01,LaMelo Ball,79,180,5,2020,19,202,182,6484,1,1503,3519,893,1877,610,1642,618,739,259,1489,683,4234,0.427,0.476,0.371,0.836,0.551,0.514,110,6.4,0.047,3.1,8.2,19.2,4.2,16.6,37.3,15.1,29.8
wiggian01,Andrew Wiggins,79,197,5,2014,19,400,400,14384,0,2867,6510,2438,5219,429,1291,1605,2183,506,867,822,7768,0.44,0.467,0.332,0.735,0.52,0.473,103,8.7,0.029,-0.1,-0.6,14.5,4,9.6,9.9,9.9,25.3
crabbal01,Allen Crabbe,78,212,5,2013,21,301,92,7339,0,1026,2338,543,1120,483,1218,333,392,82,355,222,2868,0.439,0.485,0.397,0.849,0.571,0.542,112,8.5,0.056,-0.7,1.6,11.7,1.2,11.3,7.3,8.1,16.3
warretj01,T.J. Warren,80,220,5,2014,21,261,165,7234,0,1563,3143,1407,2684,156,459,472,616,379,293,253,3754,0.497,0.524,0.34,0.766,0.55,0.522,111,9.6,0.064,0.5,2.6,16.2,5.6,10.7,6.9,6.9,21.5
fournev01,Evan Fournier,78,205,5,2012,20,319,177,8392,0,1393,3130,913,1864,480,1266,652,824,145,691,488,3918,0.445,0.49,0.379,0.791,0.561,0.522,107,8.5,0.049,-0.5,1.2,13.2,1.9,9,13,12.3,20.9
roziete01,Terry Rozier,73,190,5,2015,21,335,93,7597,0,1152,2924,645,1556,507,1368,413,508,209,890,355,3224,0.394,0.415,0.371,0.813,0.512,0.481,106,4.4,0.028,-0.2,3.6,13.4,3,15,18,10.1,20.3
stewais01,Isaiah Stewart,80,250,5,2020,19,257,179,6587,0,911,1820,737,1312,174,508,339,460,628,326,311,2335,0.501,0.562,0.343,0.737,0.577,0.548,115,6.3,0.046,-1.7,-0.1,13.9,10.2,22.2,7.3,13.3,15.2
bambamo01,Mo Bamba,85,231,5,2018,20,275,82,4962,0,804,1688,553,988,251,700,211,310,446,247,228,2070,0.476,0.56,0.359,0.681,0.567,0.551,112,4.7,0.046,-0.7,2.8,16.7,9.5,25.1,7.7,11.1,17.9
harklma01,Maurice Harkless,79,220,5,2012,19,356,187,8278,0,1056,2240,848,1579,208,661,326,547,455,310,330,2646,0.471,0.537,0.315,0.596,0.533,0.518,105,5.1,0.03,-1.3,2.2,12.3,6.1,11.8,5.7,11.7,15.2
grahade01,Devonte' Graham,73,195,5,2018,23,313,171,8046,0,1151,3094,409,1010,742,2084,575,708,130,1399,453,3619,0.372,0.405,0.356,0.812,0.531,0.492,111,8.2,0.049,0.9,3.3,13.5,1.7,8.3,26.1,11.7,20.7
kesslwa01,Walker Kessler,85,245,3,2022,21,152,76,3593,0,591,852,586,830,5,22,157,285,449,149,144,1344,0.694,0.706,0.227,0.551,0.688,0.697,134,7.9,0.106,0.6,3.7,20,13.8,24,5.9,12.8,13
herroty01,Tyler Herro,77,195,5,2019,20,284,140,9038,0,1889,4296,1156,2392,733,1904,636,729,119,1036,613,5147,0.44,0.483,0.385,0.872,0.557,0.525,106,3.1,0.017,0.9,4.5,14.8,1.5,16.2,19,11.7,25.8
washipj01,P.J. Washington,78,230,5,2019,21,333,264,10082,0,1608,3596,1019,1934,589,1662,480,681,391,747,509,4285,0.447,0.527,0.354,0.705,0.55,0.529,107,2.9,0.014,-1.3,1.9,12.9,4.1,15.9,10.9,11.6,18.8
mcdanja02,Jaden McDaniels,81,185,5,2020,20,303,227,8414,0,1173,2440,806,1390,367,1050,265,365,300,436,342,2978,0.481,0.58,0.35,0.726,0.573,0.556,110,3.7,0.021,-2.7,-0.9,10.3,4,10.9,7.2,11.6,15
kaminfr01,Frank Kaminsky,85,240,5,2015,22,321,36,7029,0,1118,2648,739,1555,379,1093,521,695,246,527,278,3136,0.422,0.475,0.347,0.75,0.531,0.494,107,6,0.041,-0.1,2.5,13.8,3.8,16.6,11.7,8.6,20.3
lenal01,Alex Len,85,250,5,2013,20,335,140,6656,0,920,1896,914,1871,6,25,575,813,690,259,425,2421,0.485,0.489,0.24,0.707,0.537,0.487,106,5,0.036,-2.3,-0.7,14.5,11.1,24.7,6,15.9,17.2
konchjo01,John Konchar,77,210,5,2019,23,261,53,4715,0,454,965,278,476,176,489,102,142,276,388,137,1186,0.47,0.584,0.36,0.718,0.577,0.562,123,5.4,0.055,-1.1,3.3,12.6,6.1,18.2,10.7,11.8,10.3
oubreke01,Kelly Oubre Jr.,80,203,5,2015,20,348,99,8375,0,1342,3111,921,1830,421,1281,678,871,283,327,360,3783,0.431,0.503,0.329,0.778,0.541,0.499,105,4.2,0.024,-1.5,0.2,12.5,3.7,15.6,5.8,9.3,19.9
martike04,KJ Martin,78,215,5,2020,20,281,62,6020,0,977,1788,803,1273,174,515,330,493,331,337,225,2458,0.546,0.631,0.338,0.669,0.613,0.595,121,8.8,0.07,-0.6,0.8,14.2,5.9,15.4,8.4,10.1,15.6
powelno01,Norman Powell,76,215,5,2015,22,307,89,5760,0,963,2107,641,1216,322,891,392,479,98,400,310,2640,0.457,0.527,0.361,0.818,0.57,0.533,108,4.9,0.041,-0.6,2.5,13.5,1.9,11.8,10.4,11.8,20
meltode01,De'Anthony Melton,75,200,5,2018,20,312,113,7003,0,991,2396,539,1175,452,1221,314,407,231,857,439,2748,0.414,0.459,0.37,0.771,0.534,0.508,106,2.1,0.014,-0.9,4.6,13.4,3.6,14.4,16.8,14.6,18.3
strusma01,Max Strus,77,215,5,2019,23,259,119,6611,0,964,2272,368,639,596,1633,214,264,145,570,247,2738,0.424,0.576,0.365,0.811,0.573,0.555,113,5.3,0.038,-0.3,2.1,11.6,2.5,12,12.4,9.4,17.7
jonestr01,Tre Jones,73,185,5,2020,21,259,125,5679,0,857,1790,732,1373,125,417,347,414,156,1224,290,2186,0.479,0.533,0.3,0.838,0.554,0.514,119,8.3,0.07,-0.6,1.7,15,2.9,11.1,29.6,12.8,16.7
josepco01,Cory Joseph,74,200,5,2011,20,284,47,5080,0,663,1441,596,1213,67,228,346,451,132,639,245,1739,0.46,0.491,0.294,0.767,0.53,0.483,109,6.3,0.059,-0.8,2.3,13.5,3,9.9,19,13,16.9
shamela01,Landry Shamet,76,190,5,2018,21,302,92,6901,0,888,2189,283,631,605,1558,319,379,65,516,212,2700,0.406,0.448,0.388,0.842,0.573,0.544,114,6.9,0.048,-1,0.4,10.1,1,7.2,10,8.3,15.9
bryanth01,Thomas Bryant,82,248,5,2017,20,170,108,3425,0,696,1180,604,917,92,263,249,326,258,219,145,1733,0.59,0.659,0.35,0.764,0.655,0.629,127,8.8,0.124,2,3,20,8,23.1,9.7,9.9,18.1
hernawi01,Willy Hernangómez,83,250,5,2016,22,256,38,3852,0,715,1331,685,1233,30,98,349,511,508,268,257,1809,0.537,0.556,0.306,0.683,0.581,0.548,116,7,0.087,0.7,2,19.7,14.1,27.1,10.9,14.2,20.3
balllo01,Lonzo Ball,78,190,5,2017,20,252,239,8187,0,1117,2790,522,1157,595,1633,166,287,262,1563,637,2995,0.4,0.451,0.364,0.578,0.513,0.507,104,2.1,0.012,0,6.3,13.4,3.4,15.4,26.1,17.9,18.2
marjabo01,Boban Marjanovi?,88,290,5,2015,27,230,22,2241,0,537,925,529,898,8,27,352,457,320,126,164,1434,0.581,0.589,0.296,0.77,0.637,0.585,123,7.7,0.165,3.3,3,26.3,15.7,29.1,9.3,12.7,25.1
jonesty01,Tyus Jones,73,196,5,2015,19,312,40,5606,0,663,1540,489,1035,174,505,233,290,65,1108,232,1733,0.431,0.472,0.345,0.803,0.52,0.487,115,7.3,0.063,-0.6,2.8,14,1.3,8.3,27.1,12.2,14.6
hachiru01,Rui Hachimura,80,230,5,2019,21,278,166,7476,0,1398,2834,1124,2095,274,739,473,620,263,356,253,3543,0.493,0.537,0.371,0.763,0.57,0.542,112,6.1,0.039,-1,-0.4,13.5,3.9,15.6,6.9,7.5,19.1
jonesde02,Derrick Jones Jr.,78,210,5,2016,19,229,89,4636,0,580,1151,466,763,114,388,273,401,299,167,125,1547,0.504,0.611,0.294,0.681,0.583,0.553,120,6.5,0.067,-1.2,1.5,13.2,7,11.6,5.1,8.6,13.5
martica02,Caleb Martin,77,205,5,2019,24,266,88,6340,0,836,1857,556,1072,280,785,297,390,273,414,255,2249,0.45,0.519,0.357,0.762,0.554,0.526,110,3.3,0.025,-1.7,1.2,11.7,4.8,13.9,9.5,11.2,16
eubandr01,Drew Eubanks,82,245,5,2018,21,248,65,3969,0,609,1003,594,959,15,44,290,400,370,252,222,1523,0.607,0.619,0.341,0.725,0.646,0.615,123,6.9,0.084,-0.8,1.4,17.1,10.1,22.2,9.1,15.8,15.3
durenja01,Jalen Duren,82,250,3,2022,19,148,111,3927,0,678,1064,678,1058,0,6,273,397,483,272,258,1629,0.637,0.641,0,0.688,0.658,0.637,124,6.9,0.085,-0.3,1.7,18.1,13.4,29.1,10.5,17.2,16.2
richani01,Nick Richards,85,245,5,2020,23,206,70,3569,0,545,826,544,822,1,4,325,445,378,117,167,1416,0.66,0.662,0.25,0.73,0.693,0.66,131,7.6,0.102,-1.5,0,17.1,11.3,23,4.8,14,14.4
barrerj01,RJ Barrett,78,214,5,2019,19,329,328,10945,0,2192,5037,1656,3487,536,1550,1150,1619,297,962,704,6070,0.435,0.475,0.346,0.71,0.528,0.488,105,1.5,0.007,-0.9,-0.4,13.4,2.9,14.9,14,10.9,25.6
portibo01,Bobby Portis,82,250,5,2015,20,315,54,6437,0,1295,2839,1025,2090,270,749,355,471,546,380,341,3215,0.456,0.49,0.36,0.754,0.528,0.504,106,4.8,0.036,0.2,1.1,16.1,9,22.5,9.7,10.1,22.8
dosunay01,Ayo Dosunmu,77,200,4,2021,22,254,136,7036,0,1016,2027,745,1275,271,752,236,306,138,791,337,2539,0.501,0.584,0.36,0.771,0.587,0.568,114,5.7,0.039,-1.8,0.2,11.7,2.2,9.3,15.5,13.5,15.6
gallola01,Langston Galloway,73,200,5,2014,23,339,56,7593,0,996,2571,527,1265,469,1306,314,393,169,593,210,2775,0.387,0.417,0.359,0.799,0.506,0.479,106,4.9,0.031,-1.3,0.9,11.4,2.4,10.7,12.2,7.1,17.4
kuminjo01,Jonathan Kuminga,79,225,4,2021,19,228,78,4915,0,1038,2016,863,1494,175,522,485,696,235,383,315,2736,0.515,0.578,0.335,0.697,0.589,0.558,113,4.8,0.047,-0.9,1,15.3,5.3,14.2,11.5,11.9,22.7
isaacjo01,Jonathan Isaac,82,230,5,2017,20,205,108,4550,0,641,1427,459,894,182,533,253,328,261,182,182,1717,0.449,0.513,0.341,0.771,0.546,0.513,108,2.5,0.026,-0.9,3.5,15,6.3,19.3,5.8,10.4,16.8
mcderdo01,Doug McDermott,78,225,5,2014,23,341,14,6798,0,1000,2178,624,1248,376,930,283,343,120,269,206,2659,0.459,0.5,0.404,0.825,0.571,0.545,111,7,0.05,-1,-0.8,10.7,1.9,9.6,5.9,8.1,16.4
clarkjo01,Jordan Clarkson,75,194,5,2014,22,382,138,10527,0,2178,4899,1656,3339,522,1560,743,912,337,1028,657,5621,0.445,0.496,0.335,0.815,0.53,0.498,105,7.9,0.036,0.6,2.6,15.3,3.4,9.6,16.7,11,24.6
craigto01,Torrey Craig,77,221,5,2017,27,300,93,5603,0,655,1436,416,712,239,724,149,215,335,284,181,1698,0.456,0.584,0.33,0.693,0.555,0.539,114,5,0.043,-1.7,0.4,11.1,6.6,14.8,6.7,10.6,13.2
murrake02,Keegan Murray,80,225,3,2022,22,178,176,5742,0,897,1998,476,869,421,1129,189,234,248,261,147,2404,0.449,0.548,0.373,0.808,0.572,0.554,116,5.5,0.046,-0.3,1.2,12.5,4.9,14,6.2,6.5,16.8
lylestr01,Trey Lyles,81,234,5,2015,20,351,94,6322,0,980,2263,667,1345,313,918,329,465,277,375,297,2602,0.433,0.496,0.341,0.708,0.527,0.502,105,3.3,0.025,-0.7,1.3,13.1,4.9,21.3,9,10.7,19.4
looneke01,Kevon Looney,81,222,5,2015,19,224,36,3121,0,418,733,412,693,6,40,137,228,353,214,112,979,0.57,0.595,0.15,0.601,0.587,0.574,125,6.2,0.095,-1.1,1.1,15.4,12.9,15.9,9,11.8,13.1
tillmxa01,Xavier Tillman Sr.,79,245,5,2020,22,240,59,4061,0,581,1127,522,902,59,225,152,265,337,316,160,1373,0.516,0.579,0.262,0.574,0.552,0.542,116,4,0.047,-1.4,2.2,14.6,8.7,16.6,10.6,11.4,14.5
forbebr01,Bryn Forbes,74,205,5,2016,23,331,165,7028,0,1098,2497,514,1081,584,1416,244,307,55,431,229,3024,0.44,0.475,0.412,0.795,0.574,0.557,111,6.3,0.043,-0.9,-0.2,11.1,0.9,8.5,8.6,8,17.7
schrode01,Dennis Schröder,73,175,5,2013,20,352,161,8341,0,1733,3994,1418,3009,315,985,764,924,145,1675,835,4545,0.434,0.471,0.32,0.827,0.516,0.473,101,2.5,0.014,0.1,1.9,15.4,2,9.7,34.6,15.9,27.8
reedpa01,Paul Reed,81,210,5,2020,21,225,28,2928,0,497,895,470,810,27,85,118,169,386,169,142,1139,0.555,0.58,0.318,0.698,0.588,0.57,121,4.6,0.075,-1,1.7,18.5,14.9,20.8,8.5,12.8,16.6
connapa01,Pat Connaughton,77,209,5,2015,23,283,12,4451,0,515,1162,298,532,217,630,109,138,178,358,155,1356,0.443,0.56,0.344,0.79,0.555,0.537,114,4.5,0.049,-0.9,1.8,11.2,4.3,13.5,10.7,11.3,13.2
dortlu01,Luguentz Dort,76,220,5,2019,20,292,283,8546,0,1253,3113,689,1487,564,1626,653,822,302,470,355,3723,0.403,0.463,0.347,0.794,0.536,0.493,107,2.6,0.015,-2.1,-1.4,10.9,3.8,10.1,7.8,9.3,19.1
willike04,Kenrich Williams,78,210,5,2018,24,253,70,5615,0,702,1500,482,875,220,625,105,202,362,505,212,1729,0.468,0.551,0.352,0.52,0.544,0.541,114,4.7,0.04,-1.5,1.6,12.2,6.7,15,12.7,11.8,13.5
holmgch01,Chet Holmgren,85,208,2,2023,21,92,92,2678,0,561,1064,418,678,143,386,256,324,145,220,154,1521,0.527,0.617,0.37,0.79,0.63,0.594,121,4.9,0.088,1.9,3.8,20.7,6.2,23.5,11.6,11.3,22
vassede01,Devin Vassell,77,200,5,2020,20,245,133,6554,0,1243,2789,768,1509,475,1280,378,464,105,623,257,3339,0.446,0.509,0.371,0.815,0.558,0.531,111,4.6,0.034,0.1,2.8,14.2,1.7,13.1,14.1,7.9,20.9
avdijde01,Deni Avdija,81,240,5,2020,20,308,167,8086,0,1119,2470,801,1495,318,975,519,698,258,794,447,3075,0.453,0.536,0.326,0.744,0.554,0.517,108,2.4,0.014,-2,0.6,12,3.5,21.2,13.6,13.9,17.1
miltosh01,Shake Milton,77,205,5,2018,22,254,45,5280,0,882,1937,640,1274,242,663,362,437,126,694,294,2368,0.455,0.502,0.365,0.828,0.556,0.518,112,4.9,0.045,-1,0.2,13.1,2.7,10.1,19.5,12.1,20.1
hausesa01,Sam Hauser,79,217,4,2021,24,202,22,3568,0,501,1121,111,180,390,941,30,37,99,183,71,1422,0.447,0.617,0.414,0.811,0.625,0.621,125,5.3,0.072,0.9,2.8,12.9,3.1,14,6.9,5.9,14.8
smithja04,Jalen Smith,81,215,5,2020,20,225,54,3667,0,723,1411,542,876,181,535,277,375,373,171,176,1904,0.512,0.619,0.338,0.739,0.604,0.577,120,6.1,0.08,0.7,1.4,17.7,11.3,24,6.6,10,20.2
leverca01,Caris LeVert,78,205,5,2016,22,260,131,6980,0,1368,3144,1012,2083,356,1061,571,780,193,1009,501,3663,0.435,0.486,0.336,0.732,0.525,0.492,105,3.1,0.021,-0.2,2.9,15.1,2.9,12.2,23.1,12.6,24.3
smithja05,Jabari Smith Jr.,82,220,3,2022,19,176,176,5488,0,831,1925,538,1056,293,869,351,436,300,239,206,2306,0.432,0.509,0.337,0.805,0.545,0.508,113,3.9,0.034,-1.3,0.3,12.6,5.8,20.4,6.2,8.9,17.7
achiupr01,Precious Achiuwa,80,243,4,2020,21,263,62,5226,0,820,1704,709,1342,111,362,290,477,510,258,269,2041,0.481,0.528,0.307,0.608,0.533,0.514,110,2.8,0.026,-2,-0.5,14,10.6,21.8,7.1,12.3,18
dellama01,Matthew Dellavedova,75,200,5,2013,23,329,88,7216,0,703,1800,372,946,331,854,231,275,137,1230,419,1968,0.391,0.393,0.388,0.84,0.512,0.483,107,5.6,0.037,-1.8,-1.4,9.9,2.2,7.7,24.5,17.9,14.7
muscami01,Mike Muscala,82,240,5,2013,22,243,18,3579,0,503,1025,374,684,129,341,173,204,239,212,157,1308,0.491,0.547,0.378,0.848,0.587,0.554,114,5.1,0.068,-0.5,1.8,14.6,7.6,15.9,9.1,12.3,15.7
giddejo01,Josh Giddey,80,216,4,2021,19,231,231,6643,0,1313,2843,1073,2081,240,762,300,401,384,1340,600,3166,0.462,0.516,0.315,0.748,0.524,0.504,107,1.9,0.014,0.6,4.4,15.8,6.2,20.6,29.8,16.6,23.2
leoname01,Meyers Leonard,85,260,5,2012,20,299,38,4963,0,658,1426,448,860,210,566,188,228,230,246,215,1714,0.461,0.521,0.371,0.825,0.561,0.535,109,5.3,0.051,-1.9,-0.3,11.4,5.2,20.8,7.5,12.3,15.6
wagnemo01,Moritz Wagner,83,245,5,2018,21,253,55,4072,0,715,1458,520,846,195,612,449,546,211,301,272,2074,0.49,0.615,0.319,0.822,0.611,0.557,114,5.2,0.062,-0.9,1.1,15.4,5.6,19.6,11.3,13.8,20.6
tateja01,Jae'Sean Tate,76,230,5,2020,25,252,151,5846,0,904,1824,745,1303,159,521,312,446,372,552,327,2279,0.496,0.572,0.305,0.7,0.564,0.539,112,4.9,0.041,-2.1,0.1,13,6.8,14.2,14.2,13.9,17
baglema01,Marvin Bagley III,82,235,5,2018,19,208,102,5156,0,1108,2191,995,1802,113,389,431,636,496,187,260,2760,0.506,0.552,0.29,0.678,0.559,0.531,111,5.3,0.05,-0.1,0.1,17.1,10.2,21.4,5.7,9.5,22.5
poolejo01,Jordan Poole,76,194,5,2019,20,344,181,9349,0,1886,4498,1106,2176,780,2322,999,1138,122,1249,752,5551,0.419,0.508,0.336,0.878,0.555,0.506,106,2.4,0.012,-0.7,-0.4,13.4,1.4,9.1,20.2,13.1,26.2
joeis01,Isaiah Joe,75,165,5,2020,21,265,21,4232,0,610,1442,178,343,432,1099,181,217,82,270,126,1833,0.423,0.519,0.393,0.834,0.596,0.573,118,4.8,0.054,0.1,1.6,12.3,2.1,10.6,8.6,7.6,16.9
woodch01,Christian Wood,80,214,5,2015,20,154,55,3154,0,712,1341,568,953,144,388,370,532,224,144,190,1938,0.531,0.596,0.371,0.695,0.615,0.585,116,5.7,0.087,2.2,3.1,21.1,7.6,25.2,7.8,10.8,24
anthoco01,Cole Anthony,74,185,5,2020,20,273,103,6896,0,1215,2917,846,1837,369,1080,677,801,188,1064,514,3476,0.417,0.461,0.342,0.845,0.532,0.48,106,1.8,0.012,-0.7,2.2,14,3,16.5,24.2,13.6,23.8
aldamsa01,Santi Aldama,85,215,4,2021,21,191,66,4237,0,659,1448,422,738,237,710,200,286,226,328,175,1755,0.455,0.572,0.334,0.699,0.558,0.537,114,3.4,0.038,-0.5,2.1,13.7,5.6,18.9,11,10,17.3
bitadgo01,Goga Bitadze,82,250,5,2019,20,249,55,3175,0,479,930,420,689,59,241,213,317,334,233,157,1230,0.515,0.61,0.245,0.672,0.575,0.547,118,4.4,0.066,-1.3,1.6,16.6,11.8,18.6,10.4,12.8,16.6
mclaujo01,Jordan McLaughlin,73,185,5,2019,23,242,7,3734,0,406,910,251,490,155,420,107,145,83,756,172,1074,0.446,0.512,0.369,0.738,0.551,0.531,120,5.2,0.066,-0.7,2.2,13.6,2.4,8.9,27.2,15,13
burksal01,Alec Burks,77,214,5,2011,20,259,42,5965,0,954,2210,798,1783,156,427,687,915,188,504,377,2751,0.432,0.448,0.365,0.751,0.526,0.467,105,5.8,0.046,-0.4,0.9,14.1,3.6,11.2,14.3,12.6,22.9
greenja02,Javonte Green,77,205,5,2019,26,195,55,3170,0,398,736,320,510,78,226,178,236,188,131,99,1052,0.541,0.627,0.345,0.754,0.626,0.594,124,4.9,0.075,-0.9,1.8,14.1,6.6,14.3,5.6,10.5,12.9
wadede01,Dean Wade,81,228,5,2019,23,224,92,4262,0,411,950,156,262,255,688,85,119,129,208,86,1162,0.433,0.595,0.371,0.714,0.58,0.567,118,3.6,0.041,-1.8,1.5,10.2,3.4,16.5,6.7,7.9,11.2
millspa02,Patty Mills,74,180,5,2009,21,229,7,3265,0,630,1389,370,748,260,641,144,170,67,364,194,1664,0.454,0.495,0.406,0.847,0.568,0.547,109,4.9,0.072,1.6,3,16.6,2.4,8,18.3,11.7,23.3
wiggiaa01,Aaron Wiggins,77,190,4,2021,23,218,61,4156,0,628,1241,446,782,182,459,187,240,201,266,181,1625,0.506,0.57,0.397,0.779,0.603,0.579,117,4.3,0.05,-1.3,0.4,12.8,5.2,11.5,8.9,11.8,15.7
grimequ01,Quentin Grimes,76,210,4,2021,21,187,97,4320,0,558,1284,218,380,340,904,146,195,101,288,143,1602,0.435,0.574,0.376,0.749,0.585,0.567,118,4.6,0.051,-0.9,1.6,11.1,2.5,10,9.2,9.5,15.1
banchpa01,Paolo Banchero,82,250,3,2022,20,157,157,5411,1,1167,2626,952,1958,215,668,837,1152,178,728,458,3386,0.444,0.486,0.322,0.727,0.54,0.485,108,1.5,0.013,0.5,3.1,16.5,3.8,19.7,21.8,12.8,28.8
greenjo02,Josh Green,77,200,5,2020,20,241,79,5005,0,605,1214,404,696,201,518,159,232,191,369,207,1570,0.498,0.58,0.388,0.685,0.596,0.581,116,4.3,0.041,-2.4,-0.6,10.5,4.2,10.3,10.2,13.6,13.4
russeda01,D'Angelo Russell,75,193,5,2015,19,317,269,9204,1,2040,4858,1293,2760,747,2098,705,913,178,1666,919,5532,0.42,0.468,0.356,0.772,0.526,0.497,102,2.5,0.013,1.7,5.5,16.4,2,11.9,31.8,14.9,28.7
curryse01,Seth Curry,73,185,5,2013,23,192,53,4141,0,653,1398,352,712,301,686,174,206,61,323,189,1781,0.467,0.494,0.439,0.845,0.598,0.575,113,5.5,0.064,0.3,2.3,13.8,1.6,8.3,12.4,11.3,18.1
burketr01,Trey Burke,73,185,5,2013,21,303,120,7404,0,1282,3175,890,2018,392,1157,337,426,106,1142,426,3293,0.404,0.441,0.339,0.791,0.49,0.466,103,5,0.033,0.4,1.2,13.6,1.6,8.4,26.2,11.2,23.2
vonleno01,Noah Vonleh,82,257,5,2014,19,299,170,5295,0,588,1298,499,1016,89,282,263,385,433,228,244,1528,0.453,0.491,0.316,0.683,0.521,0.487,106,2.7,0.024,-2.3,-0.6,11.8,8.7,24.4,6.3,14.3,14.1
mathega01,Garrison Mathews,78,215,5,2019,23,267,62,4655,0,481,1181,99,178,382,1003,340,404,82,163,97,1684,0.407,0.556,0.381,0.842,0.62,0.569,124,6.6,0.068,-1.6,-0.3,10.2,1.9,9.1,4.7,6.7,13.1
carusal01,Alex Caruso,77,186,5,2017,23,225,37,4631,0,482,1141,308,665,174,476,248,337,116,601,270,1386,0.422,0.463,0.366,0.736,0.538,0.499,107,1.9,0.02,-2.4,1.9,11.2,2.8,10.8,17.2,17.3,14.4
okogijo01,Josh Okogie,76,213,5,2018,20,316,149,6367,0,672,1678,462,957,210,721,527,704,329,383,279,2081,0.4,0.483,0.291,0.749,0.523,0.463,108,2.5,0.019,-2.7,-0.5,10.6,5.4,11,8.1,12.3,14.9
leeda03,Damion Lee,78,210,5,2017,25,216,53,4537,0,628,1447,361,699,267,748,257,296,100,311,160,1780,0.434,0.516,0.357,0.868,0.564,0.526,111,3.5,0.037,-1.6,0.5,11.9,2.4,15.6,10,9.2,16.5
marshna01,Naji Marshall,78,220,5,2020,23,250,43,4966,0,701,1587,512,980,189,607,363,463,177,515,275,1954,0.442,0.522,0.311,0.784,0.546,0.501,110,2.5,0.024,-1.6,0.7,12.3,4,15.6,14.2,13.3,17.8
bazemke01,Kent Bazemore,76,195,5,2012,23,351,157,6548,0,946,2236,644,1371,302,865,395,572,109,539,433,2589,0.423,0.47,0.349,0.691,0.52,0.491,96,-1.6,-0.012,-2.2,1.4,11.7,1.9,14.2,12.8,14.8,19.8
lavinza01,Zach LaVine,77,200,5,2014,19,293,206,8772,0,1711,3836,1249,2599,462,1237,826,1002,122,1021,691,4710,0.446,0.481,0.373,0.824,0.551,0.506,104,5.4,0.03,0.4,1.4,14.8,1.5,11.3,19.6,13.9,25
carteje01,Jevon Carter,73,200,5,2018,23,304,48,4954,0,588,1469,228,563,360,906,99,122,109,517,193,1635,0.4,0.405,0.397,0.811,0.537,0.523,110,2.6,0.025,-1.7,1.4,10.6,2.4,10.3,14,11.2,14.9
kispeco01,Corey Kispert,78,224,4,2021,22,249,103,6477,0,986,2073,492,778,494,1295,261,329,123,354,224,2727,0.476,0.632,0.381,0.793,0.615,0.595,116,6,0.044,-0.6,-0.4,11.5,2.1,9.7,7.7,9.2,16.2
willipa01,Patrick Williams,79,215,5,2020,19,228,190,6335,0,832,1799,561,1136,271,663,284,362,223,315,301,2219,0.462,0.494,0.409,0.785,0.567,0.538,107,1.2,0.009,-2.1,0,10.9,4,13,6.7,13.3,15.6
sextoco01,Collin Sexton,75,190,5,2018,20,266,223,8324,0,1862,4016,1489,3034,373,982,944,1143,226,858,626,5041,0.464,0.491,0.38,0.826,0.558,0.51,108,6.4,0.036,0,-0.7,15.2,3,7.4,17.3,12.2,26.7
nesmiaa01,Aaron Nesmith,78,215,5,2020,21,249,117,5190,0,736,1621,404,739,332,882,280,346,172,257,198,2084,0.454,0.547,0.376,0.809,0.588,0.556,114,4,0.037,-1.9,-0.2,10.9,3.7,13.3,6.5,10,16.1
browntr01,Troy Brown Jr.,79,215,5,2018,19,297,84,5951,0,740,1723,481,991,259,732,210,272,232,448,205,1949,0.429,0.485,0.354,0.772,0.529,0.505,109,3,0.024,-1.6,0.5,11,4.2,16.8,10.2,10,14.5
winslju01,Justise Winslow,78,222,5,2015,19,241,105,6848,0,856,2053,666,1490,190,563,279,432,247,657,371,2181,0.417,0.447,0.337,0.646,0.486,0.463,99,-1,-0.007,-2.6,0.3,10.4,4.1,16.8,14.2,14.2,16.9
huntede01,De'Andre Hunter,80,221,5,2019,22,263,237,8080,0,1337,2991,907,1807,430,1184,647,798,164,405,366,3751,0.447,0.502,0.363,0.811,0.561,0.519,109,4.1,0.024,-1.8,-2.5,11.2,2.2,12.5,7.1,9.9,19.4
jacksis01,Isaiah Jackson,81,205,4,2021,20,163,31,2438,0,464,780,457,746,7,34,235,350,278,116,135,1170,0.595,0.613,0.206,0.671,0.626,0.599,122,4.5,0.089,-1,1.1,19.5,12.7,19.3,6.6,12.6,18.5
coffeam01,Amir Coffey,79,210,5,2019,22,251,54,4205,0,501,1120,295,567,206,553,244,300,86,289,122,1452,0.447,0.52,0.373,0.813,0.58,0.539,117,4.4,0.05,-1.8,0,10.7,2.3,9.4,9.4,8.9,14.3
beaslma01,Malik Beasley,76,187,5,2016,20,257,69,5050,0,946,2122,511,1010,435,1112,208,255,100,302,204,2535,0.446,0.506,0.391,0.816,0.567,0.548,110,4.4,0.042,0.2,1.3,13.3,2.1,10.9,9,8.4,20.5
johnsja05,Jalen Johnson,80,219,4,2021,20,168,78,3780,0,697,1380,558,969,139,411,211,299,162,399,215,1744,0.505,0.576,0.338,0.706,0.577,0.555,114,3.5,0.045,-0.1,2.7,15.8,4.5,24.5,15,12.5,19
bradlto01,Tony Bradley,82,248,5,2017,20,167,18,1961,0,340,536,337,529,3,7,90,134,276,89,100,773,0.634,0.637,0.429,0.672,0.65,0.637,127,4.6,0.113,0.1,1.1,19.3,15.7,24.3,6.8,14.4,15.4
colliza01,Zach Collins,83,250,5,2017,20,245,42,4634,0,696,1460,545,1019,151,441,287,383,341,380,323,1830,0.477,0.535,0.342,0.749,0.562,0.528,109,2.7,0.028,-1.9,0.4,13.1,7.9,19.4,11.5,16.6,17.8
osmande01,Cedi Osman,79,230,5,2017,22,327,181,7998,0,1182,2797,670,1332,512,1465,393,547,166,699,384,3269,0.423,0.503,0.349,0.718,0.538,0.514,106,3.5,0.021,-1.5,-0.8,11.4,2.3,12.6,13.1,11.2,18.7
hernaju01,Juancho Hernangómez,81,214,5,2016,21,257,57,4210,0,498,1159,273,518,225,641,237,342,213,171,136,1458,0.43,0.527,0.351,0.693,0.557,0.527,113,3.9,0.044,-1,0.1,11.5,5.5,18.2,5.5,9.4,14.6
braunch01,Christian Braun,78,220,3,2022,21,176,28,3465,0,471,953,351,645,120,308,184,263,149,226,114,1246,0.494,0.544,0.39,0.7,0.583,0.557,118,3.5,0.049,-1.6,0.3,12.1,4.9,13.5,8.4,9.6,14.8
korkmfu01,Furkan Korkmaz,79,202,5,2017,20,256,49,4794,0,700,1730,327,678,373,1052,243,316,75,344,180,2016,0.405,0.482,0.355,0.769,0.539,0.512,107,2.3,0.023,-1.1,0.3,11.4,1.7,11.3,10.3,8.8,18.5
mcgruro01,Rodney McGruder,76,205,5,2016,25,234,118,4880,0,521,1245,319,652,202,593,125,193,202,305,155,1369,0.418,0.489,0.341,0.648,0.515,0.5,107,2.3,0.023,-2.1,-0.1,9.2,4.5,10.9,8.8,10.4,13.2
houseda01,Danuel House Jr.,78,220,5,2016,23,162,91,4228,0,514,1192,242,445,272,747,195,255,113,219,136,1495,0.431,0.544,0.364,0.765,0.573,0.545,113,4,0.046,-1,0.7,11.1,2.8,13,7.4,9.4,14.4
brissos01,Oshae Brissett,79,210,5,2019,21,227,44,3931,0,485,1165,303,625,182,540,326,467,269,185,125,1478,0.416,0.485,0.337,0.698,0.539,0.494,114,3.7,0.045,-1.1,-0.1,12.6,7.6,17,6.3,8.4,16.2
landajo01,Jock Landale,83,255,4,2021,26,193,8,2487,0,406,794,343,575,63,219,175,230,290,192,128,1050,0.511,0.597,0.288,0.761,0.586,0.551,121,4.1,0.08,-0.4,0.9,16,12.4,15.3,10.8,12.5,17.4
livelde01,Dereck Lively II,85,230,2,2023,19,71,51,1655,0,279,378,279,376,0,2,65,119,177,97,65,623,0.738,0.742,0,0.546,0.724,0.738,140,4.3,0.125,0.2,1.4,18.8,11.8,20.6,8,13.1,12.8
nwabada01,David Nwaba,77,219,5,2016,24,191,46,3974,0,518,1055,446,832,72,223,281,422,195,211,142,1389,0.491,0.536,0.323,0.666,0.56,0.525,112,3.9,0.047,-2.1,0.2,12.8,5.1,14.7,7.8,10.3,15
bullore01,Reggie Bullock,78,205,5,2013,22,209,59,3361,0,431,963,219,437,212,526,71,89,66,171,86,1145,0.448,0.501,0.403,0.798,0.571,0.558,113,3.7,0.052,-0.4,1.5,11.6,2.1,10.8,7.5,7.9,14.3
greenja05,Jalen Green,76,186,4,2021,19,246,246,8017,0,1669,3986,1072,2205,597,1781,911,1140,128,804,580,4846,0.419,0.486,0.335,0.799,0.54,0.494,107,1.9,0.012,0.1,0.7,13.9,1.7,12.3,15.8,11.4,26.5
okafoja01,Jahlil Okafor,82,270,5,2015,20,220,114,4480,0,1029,1914,1025,1896,4,18,359,532,354,212,326,2421,0.538,0.541,0.222,0.675,0.564,0.539,105,3,0.032,-1,0.1,16.7,8.4,18.1,8.2,13.2,23.7
brownst02,Sterling Brown,77,219,5,2017,22,264,29,4434,0,531,1263,283,582,248,681,121,152,151,266,177,1431,0.42,0.486,0.364,0.796,0.538,0.519,105,1.2,0.013,-2.4,-0.1,10,3.7,17.4,8.2,11.7,14.6
thompam01,Amen Thompson,79,200,2,2023,21,83,24,1949,0,330,608,316,528,14,80,165,237,194,206,126,839,0.543,0.598,0.175,0.696,0.589,0.554,119,2.8,0.069,0,2.1,18,10.4,19.9,15.3,15,18.1
johnsja01,James Johnson,79,240,5,2009,22,271,91,4974,0,696,1556,630,1308,66,248,295,413,254,428,361,1753,0.447,0.482,0.266,0.714,0.504,0.469,97,-0.1,-0.001,-1.5,2.8,13.6,5.9,14.5,13.9,17.2,19.3
napiesh01,Shabazz Napier,73,175,5,2014,23,289,23,4642,0,620,1578,351,818,269,760,346,426,78,587,324,1855,0.393,0.429,0.354,0.812,0.525,0.478,103,1.7,0.018,-1,1.7,12.7,1.9,10,19,15.5,19.8
alvarjo01,Jose Alvarado,73,179,4,2021,23,182,18,3454,0,514,1229,297,605,217,624,150,202,84,504,175,1395,0.418,0.491,0.348,0.743,0.529,0.507,111,2.1,0.029,-1.4,1.7,13.4,2.7,10,20.7,11.7,18.6
simonan01,Anfernee Simons,75,200,5,2018,19,273,97,6546,0,1230,2842,634,1301,596,1541,394,460,86,673,358,3450,0.433,0.487,0.387,0.857,0.567,0.538,111,5.7,0.042,0.4,0.3,13.1,1.4,9,16.1,10.5,22.4
diallch01,Cheick Diallo,80,219,5,2016,20,183,3,2186,0,401,673,399,666,2,7,154,199,179,78,117,958,0.596,0.599,0.286,0.774,0.63,0.597,117,3.5,0.077,-1.2,0.3,17,8.8,27.9,5.2,13.3,17
simsje01,Jericho Sims,82,250,4,2021,23,158,33,2227,0,178,241,178,240,0,1,42,74,247,84,73,398,0.739,0.742,0,0.568,0.727,0.739,139,3.6,0.078,-2,0.4,12.1,12.2,19.7,4.9,21.1,6.7
arcidry01,Ryan Arcidiacono,75,195,5,2017,23,217,36,3721,0,349,808,176,346,173,462,134,166,53,460,126,1005,0.432,0.509,0.374,0.807,0.57,0.539,117,4,0.051,-2.5,-0.4,10.3,1.5,11.3,16.9,12.5,11.7
bateske01,Keita Bates-Diop,80,229,5,2018,23,230,59,3901,0,562,1171,437,802,125,369,251,335,177,203,139,1500,0.48,0.545,0.339,0.749,0.569,0.533,114,3.4,0.042,-1.1,0.3,12.9,4.7,15.8,7.1,9.5,15.6
diallha01,Hamidou Diallo,77,202,5,2018,20,263,44,4913,0,907,1832,831,1555,76,277,380,610,267,282,279,2270,0.495,0.534,0.274,0.623,0.54,0.516,105,0.7,0.007,-2.5,-0.2,13.6,5.8,16.7,9.3,11.7,20.7
princta02,Taurean Prince,78,218,5,2016,22,301,210,7759,0,1200,2920,660,1460,540,1460,457,555,166,579,526,3397,0.411,0.452,0.37,0.823,0.537,0.503,100,-1.1,-0.007,-1.6,0.2,11.3,2.3,15.3,11.4,14.3,20.3
jackstr02,Trayce Jackson-Davis,81,245,2,2023,23,87,34,1449,0,301,445,301,443,0,2,89,158,166,121,65,691,0.676,0.679,0,0.563,0.671,0.676,133,3.9,0.13,1.4,1.7,21.1,12.3,19.8,12.2,11.2,16.8
holidju01,Justin Holiday,78,180,5,2012,23,275,85,5476,0,718,1831,385,879,333,952,271,334,82,374,236,2040,0.392,0.438,0.35,0.811,0.516,0.483,101,1.1,0.01,-1.7,0.5,11.2,1.6,12.1,10.1,10.7,17.6
alexani01,Nickeil Alexander-Walker,77,205,5,2019,21,299,58,5869,0,910,2237,491,1053,419,1184,246,337,109,659,347,2485,0.407,0.466,0.354,0.73,0.521,0.5,104,-0.2,-0.002,-1.6,0.8,11,2.1,10.7,15.9,12.7,19.9
jonesda03,Damian Jones,82,245,5,2016,21,143,59,2018,0,263,393,260,379,3,14,134,194,155,94,80,663,0.669,0.686,0.214,0.691,0.693,0.673,131,4.1,0.098,-2,0.3,14.4,8.4,15.3,6.3,14.3,11.7
easonta01,Tari Eason,80,215,3,2022,21,125,5,2726,0,477,1040,381,757,96,283,158,215,285,138,140,1208,0.459,0.503,0.339,0.735,0.532,0.505,112,1.8,0.032,-0.7,1.5,16.4,11.2,19.8,7.5,11,19.4
martico01,Cody Martin,78,205,5,2019,24,206,46,4505,0,472,1069,347,675,125,394,166,255,199,475,191,1235,0.442,0.514,0.317,0.651,0.523,0.5,109,2.1,0.022,-2.4,0.3,11.2,4.7,13.2,14.4,13.9,13.2
watfotr01,Trendon Watford,80,237,4,2021,21,181,24,3054,0,513,960,447,771,66,189,238,312,154,304,190,1330,0.534,0.58,0.349,0.763,0.606,0.569,116,3.6,0.056,-1.4,0.3,14.7,5.5,18.9,15.1,14.8,18.3
sharpda01,Day'Ron Sharpe,81,265,3,2021,20,141,12,1864,0,347,614,335,581,12,33,134,219,341,139,142,840,0.565,0.577,0.364,0.612,0.591,0.575,119,3.1,0.08,-0.8,0.3,19.5,20.1,24.2,11.2,16.7,19.9
netora01,Raul Neto,74,180,5,2015,23,253,57,3485,0,465,1043,318,655,147,388,153,194,45,471,242,1230,0.446,0.485,0.379,0.789,0.545,0.516,105,1.7,0.024,-2,0.5,11.4,1.5,8.9,20.6,17.7,17.6
toscaju01,Juan Toscano-Anderson,78,209,5,2019,26,202,37,3126,0,332,662,250,413,82,249,84,130,98,372,181,830,0.502,0.605,0.329,0.646,0.577,0.563,110,1.4,0.022,-3.1,0.6,10.4,3.4,17.1,16,20.1,12.4
chrisma01,Marquese Chriss,81,240,5,2016,19,258,147,4992,0,768,1688,615,1158,153,530,363,544,329,281,331,2052,0.455,0.531,0.289,0.667,0.532,0.5,102,0.9,0.009,-2.3,-0.3,13.3,6.9,20.8,8.7,14.7,19.2
suggsja01,Jalen Suggs,77,205,4,2021,20,197,160,5189,0,829,1968,523,1045,306,923,387,499,142,652,427,2351,0.421,0.5,0.332,0.776,0.537,0.499,102,-1.7,-0.016,-2.1,1.1,12.4,3.1,11.1,19,16.3,21.9
holidaa01,Aaron Holiday,73,185,5,2018,22,308,62,5305,0,751,1819,479,1098,272,721,269,320,91,677,297,2043,0.413,0.436,0.377,0.841,0.521,0.488,104,0.7,0.006,-2.3,-0.4,11,1.9,8.5,17.3,13.2,18.4
monkma01,Malik Monk,75,200,5,2017,19,309,38,6298,0,1156,2724,648,1293,508,1431,356,429,102,627,389,3176,0.424,0.501,0.355,0.83,0.545,0.518,105,1.9,0.015,-0.4,0.1,12.9,1.7,10.7,15.6,11.8,22.7
moodymo01,Moses Moody,77,211,4,2021,19,200,27,2882,0,433,945,246,433,187,512,157,208,119,149,108,1210,0.458,0.568,0.365,0.755,0.584,0.557,115,2.7,0.045,-1,0.3,11.8,4.5,11.1,7,9.4,16.8
mcbrimi01,Miles McBride,73,195,4,2021,21,187,18,2841,0,374,906,178,364,196,542,92,119,57,264,74,1036,0.413,0.489,0.362,0.773,0.541,0.521,117,2.9,0.049,-1.8,0.6,11.1,2.3,6.9,12.8,7.2,15.7
riverau01,Austin Rivers,76,200,5,2012,20,347,71,7838,0,1089,2607,813,1807,276,800,465,714,111,745,392,2919,0.418,0.45,0.345,0.651,0.5,0.471,100,1.4,0.008,-2.4,-2.6,10.2,1.6,8.2,14.6,11.8,19.2
wallaca01,Cason Wallace,75,195,2,2023,20,102,23,2218,0,272,574,157,280,115,294,33,42,78,161,52,692,0.474,0.561,0.391,0.786,0.584,0.574,120,2.3,0.05,-1.3,1.2,11.8,3.9,8.6,9.2,8.1,12.6
nnajize01,Zeke Nnaji,81,240,5,2020,20,206,7,2462,0,332,654,248,419,84,235,136,208,198,80,89,884,0.508,0.592,0.357,0.654,0.593,0.572,119,2.9,0.056,-2.1,-0.7,12.4,9.3,12.7,4.2,10.7,14.8
daviste02,Terence Davis,76,201,4,2019,22,227,24,3660,0,661,1523,331,622,330,901,166,201,101,305,225,1818,0.434,0.532,0.366,0.826,0.564,0.542,106,1.3,0.017,-0.6,1.2,13.4,3,15.6,12.3,12.3,21.5
niangge01,Georges Niang,79,230,5,2016,23,229,11,2718,0,417,955,159,317,258,638,65,75,59,146,112,1157,0.437,0.502,0.404,0.867,0.586,0.572,111,2.3,0.04,-0.4,1,11.4,2.4,13.7,7.8,10.2,17.5
wembavi01,Victor Wembanyama,87,235,2,2023,20,88,88,2657,0,701,1496,518,945,183,551,345,429,196,335,321,1930,0.469,0.548,0.332,0.804,0.573,0.53,105,-0.2,-0.004,2.3,5,23.4,8,29.8,21.2,16,32
brookdi01,Dillon Brooks,78,225,5,2017,22,272,245,7674,0,1483,3519,1053,2283,430,1236,559,700,208,546,436,3955,0.421,0.461,0.348,0.799,0.517,0.483,102,-0.4,-0.002,-2.6,-3.5,11.4,2.9,8.9,10.9,10.2,23.6
jacksju01,Justin Jackson,80,220,5,2017,22,255,61,4779,0,631,1481,400,762,231,719,163,204,115,276,116,1656,0.426,0.525,0.321,0.799,0.527,0.504,109,2.9,0.029,-1.8,-1,10.1,2.5,11.9,8.2,6.9,15.2
mcdanja01,Jalen McDaniels,81,190,5,2019,22,248,45,4543,0,635,1414,461,874,174,540,255,328,178,291,215,1699,0.449,0.527,0.322,0.777,0.545,0.511,107,0.9,0.01,-3.1,-1.5,11,4.2,15.8,9,12.1,16.7
thomaca02,Cam Thomas,75,210,4,2021,20,207,74,4767,0,1082,2446,791,1617,291,829,621,725,58,405,290,3076,0.442,0.489,0.351,0.857,0.556,0.502,108,2.3,0.023,0,0.1,15,1.3,10.9,13.9,9.5,28
campafa01,Facundo Campazzo,70,195,3,2020,29,138,23,2661,0,230,624,93,204,137,420,141,171,45,461,143,738,0.369,0.456,0.326,0.825,0.528,0.478,112,2.1,0.038,-2,0.9,11.3,1.9,8.7,22,17,13.9
nunnke01,Kendrick Nunn,75,190,4,2019,24,193,113,4576,0,911,2022,573,1088,338,934,176,201,57,458,260,2336,0.451,0.527,0.362,0.876,0.553,0.534,105,1.2,0.012,-0.9,0.1,13,1.4,9.8,16,11,22.8
brownmo01,Moses Brown,86,258,5,2019,20,150,44,1792,0,308,547,308,547,0,0,166,309,290,23,92,782,0.563,0.563,,0.537,0.573,0.563,116,2.3,0.062,-1.6,-0.4,18.6,17.2,28.3,2,11.9,18.7
pascher01,Eric Paschall,78,255,3,2019,23,158,31,3086,0,580,1173,485,882,95,291,297,392,140,214,164,1552,0.494,0.55,0.326,0.758,0.577,0.535,111,3.3,0.051,-0.7,-0.1,14.1,4.9,13,11,10.9,21
highsha01,Haywood Highsmith,77,220,5,2018,22,160,48,2929,0,306,683,166,305,140,378,47,84,143,135,91,799,0.448,0.544,0.37,0.56,0.555,0.551,111,1.1,0.018,-2.7,0.1,9.9,5.5,13.2,6.4,11.2,12.3
nowelja01,Jaylen Nowell,76,201,5,2019,20,197,4,3351,0,671,1504,482,907,189,597,217,272,86,362,139,1748,0.446,0.531,0.317,0.798,0.538,0.509,110,2.6,0.037,-0.8,0.1,13.9,2.8,11.2,16.3,7.9,22.2
willima07,Mark Williams,85,240,2,2022,21,62,36,1336,0,258,402,258,402,0,0,113,161,169,40,57,629,0.642,0.642,,0.702,0.665,0.642,130,3.1,0.112,0.3,0.8,20.8,13.5,26.5,4.6,10.8,17
hortota01,Talen Horton-Tucker,76,234,5,2019,19,247,55,5218,0,903,2135,695,1424,208,711,416,535,126,769,384,2430,0.423,0.488,0.293,0.778,0.513,0.472,104,-0.3,-0.003,-2.1,0.1,12.7,2.7,11.9,21.5,13.9,22.4
belljo01,Jordan Bell,80,216,5,2017,23,161,17,1937,0,257,466,253,446,4,20,75,118,153,201,118,593,0.552,0.567,0.2,0.636,0.572,0.556,113,2.1,0.052,-1.4,1.1,15,8.9,18.6,13.7,18.6,14.1
daniedy01,Dyson Daniels,79,199,3,2022,19,139,46,3040,0,334,765,242,466,92,299,78,122,129,356,151,838,0.437,0.519,0.308,0.639,0.512,0.497,107,0.5,0.008,-2.7,1.1,11.1,4.7,14.3,15.2,15.6,13.5
stevela01,Lamar Stevens,79,230,4,2020,23,203,41,3193,0,455,983,389,752,66,231,172,237,155,130,115,1148,0.463,0.517,0.286,0.726,0.528,0.496,107,0.6,0.009,-3.1,-0.8,11.1,5.5,15.6,6,9.6,16.6
littlna01,Nassir Little,78,220,5,2019,19,237,36,3735,0,479,1060,307,539,172,521,183,249,162,170,123,1313,0.452,0.57,0.33,0.735,0.561,0.533,113,2.9,0.038,-1.6,-0.5,11.3,4.7,15.7,6.4,9.5,14.9
podzibr01,Brandin Podziemski,76,205,2,2023,20,92,33,2403,0,325,740,221,441,104,299,67,102,137,336,110,821,0.439,0.501,0.348,0.657,0.523,0.509,115,2.1,0.042,-1,0.8,12.4,6.2,16.4,18.3,12.3,15.6
anderju01,Justin Anderson,77,231,5,2015,22,226,24,2964,0,418,1011,274,525,144,486,202,261,137,151,133,1182,0.413,0.522,0.296,0.774,0.525,0.485,104,1.3,0.021,-1.4,0.5,12.6,5.1,16.4,7.8,10.6,18.8
robinje02,Jeremiah Robinson-Earl,80,240,4,2021,21,152,61,2677,0,348,799,222,429,126,370,109,137,215,137,93,931,0.436,0.517,0.341,0.796,0.542,0.514,114,2.1,0.038,-1.4,-0.1,12.4,8.4,17.1,7.3,9.8,15.2
mathube01,Bennedict Mathurin,77,210,3,2022,20,158,52,4441,0,835,1872,618,1262,217,610,660,797,173,274,292,2547,0.446,0.49,0.356,0.828,0.573,0.504,110,2.8,0.03,-0.9,-1.5,13.5,4.4,13.2,8.5,11.6,23.8
valende01,Denzel Valentine,76,220,5,2016,23,256,45,4817,0,680,1728,319,724,361,1004,74,94,101,466,228,1795,0.394,0.441,0.36,0.787,0.507,0.498,101,-0.1,-0.001,-1.8,0.2,10.6,2.2,17.4,14.4,11.4,18
okekech01,Chuma Okeke,79,229,4,2020,22,189,55,3832,0,434,1133,218,453,216,680,105,133,133,276,128,1189,0.383,0.481,0.318,0.789,0.499,0.478,103,-0.2,-0.003,-2,0.9,11,3.7,16.2,10.5,9.7,14.9
cartemi01,Michael Carter-Williams,77,190,5,2013,22,287,191,7893,0,1230,3063,1095,2524,135,539,697,986,274,1393,771,3292,0.402,0.434,0.25,0.707,0.471,0.424,94,-4.6,-0.028,-1.6,1.7,13.7,3.7,15.4,29.1,18.1,23.6
mccawpa01,Patrick McCaw,79,181,5,2016,21,199,43,3373,0,292,696,200,394,92,302,84,107,64,270,123,760,0.42,0.508,0.305,0.785,0.511,0.486,103,0.6,0.008,-3.6,-0.6,7.8,2.2,7.9,10.2,14.2,11.1
jaqueja01,Jaime Jaquez Jr.,78,225,2,2023,22,89,20,2411,0,387,805,313,576,74,229,162,205,102,229,132,1010,0.481,0.543,0.323,0.79,0.564,0.527,111,1.3,0.026,-2.3,0,12.9,4.7,12.1,14.3,12.9,19
willija07,Jaylin Williams,81,240,2,2022,20,118,37,1811,0,197,462,98,205,99,257,71,95,80,186,71,564,0.426,0.478,0.385,0.747,0.56,0.534,117,1.6,0.042,-1.6,0.8,12,4.9,23.6,12.8,12.4,13.5
watanyu01,Yuta Watanabe,81,215,5,2018,24,179,9,2375,0,279,635,151,307,128,328,92,134,95,122,68,778,0.439,0.492,0.39,0.687,0.561,0.54,113,1.7,0.034,-1.5,0.3,11.3,4.3,16.5,7.1,8.9,14
wisemja01,James Wiseman,83,240,5,2020,19,148,55,2799,0,569,1016,553,955,16,61,196,287,238,110,177,1350,0.56,0.579,0.262,0.683,0.591,0.568,110,1.6,0.028,-2.8,-1.4,14.6,9.3,23.4,6,13.4,20.1
iwundwe01,Wes Iwundu,78,195,5,2017,23,226,51,3827,0,345,845,271,592,74,253,225,282,115,208,120,989,0.408,0.458,0.292,0.798,0.51,0.452,105,0.9,0.011,-4,-1.8,8.2,3.2,12.6,7.4,11,12.4
metuch01,Chimezie Metu,82,225,5,2018,21,209,26,2706,0,466,947,387,682,79,265,179,237,133,151,147,1190,0.492,0.567,0.298,0.755,0.566,0.534,108,1.3,0.023,-1.6,0.2,14.5,5.5,23.8,8,12.3,19.1
bolbo01,Bol Bol,87,220,5,2019,20,166,35,2302,0,408,742,342,540,66,202,117,157,110,104,158,999,0.55,0.633,0.327,0.745,0.616,0.594,109,0.8,0.017,-1.3,0.8,14.9,5.5,24,6.7,16.3,18.2
kornelu01,Luke Kornet,85,250,5,2017,22,148,35,2120,0,295,723,151,279,144,444,73,97,88,145,58,807,0.408,0.541,0.324,0.753,0.527,0.508,111,1.9,0.044,0.1,1.4,13.9,4.4,15.2,10.1,7,16.7
robyis01,Isaiah Roby,80,230,4,2019,21,151,64,2858,0,440,908,346,640,94,268,185,274,185,216,188,1159,0.485,0.541,0.351,0.675,0.563,0.536,107,1.1,0.019,-2.4,-0.2,13.5,6.6,18,11.5,15.5,18.1
merrisa01,Sam Merrill,76,205,5,2020,24,119,4,1751,0,244,607,38,80,206,527,41,46,33,164,39,735,0.402,0.475,0.391,0.891,0.586,0.572,121,2.5,0.069,0.3,0.7,12.1,2.1,10.1,12.6,5.9,16.6
jeromty01,Ty Jerome,77,195,5,2019,22,159,7,2748,0,410,974,236,479,174,495,114,138,44,411,133,1108,0.421,0.493,0.352,0.826,0.535,0.51,111,2,0.035,-1.4,0.3,11.9,1.7,9.7,21.9,11.4,18.1
harrish01,Shaquille Harrison,76,195,5,2017,24,175,23,2654,0,348,799,299,624,49,175,167,233,72,271,114,912,0.436,0.479,0.28,0.717,0.506,0.466,104,0.7,0.013,-2.6,0.8,13.1,2.9,14.6,14.9,11.2,16.5
hylanbo01,Bones Hyland,74,169,4,2021,21,169,10,2981,0,565,1422,266,596,299,826,218,258,41,458,217,1647,0.397,0.446,0.362,0.845,0.536,0.502,107,0.9,0.015,-0.2,0.7,14,1.6,12.6,22.4,12.4,25.7
luwawti01,Timothé Luwawu-Cabarrot,79,215,5,2016,21,276,42,4569,0,574,1471,298,637,276,834,286,346,107,253,212,1710,0.39,0.468,0.331,0.827,0.527,0.484,102,0.4,0.004,-3.2,-2.5,8.5,2.6,10.9,7.8,11.6,17.3
stausni01,Nik Stauskas,78,207,5,2014,21,335,63,6662,0,765,1967,369,846,396,1121,346,425,77,513,339,2272,0.389,0.436,0.353,0.814,0.527,0.49,101,1.1,0.008,-1.9,-1.7,9.1,1.3,10.1,11.6,13.6,16.3
gillan01,Anthony Gill,80,230,5,2020,28,192,15,1842,0,248,478,210,352,38,126,140,184,126,111,65,674,0.519,0.597,0.302,0.761,0.603,0.559,122,2.7,0.07,-1.8,-0.3,12.8,7.5,12.6,8.2,10.4,14.6
gabriwe01,Wenyen Gabriel,81,205,5,2019,22,150,8,1939,0,262,500,224,378,38,122,103,170,203,72,101,665,0.524,0.593,0.311,0.606,0.578,0.562,114,1.6,0.039,-3.2,-0.8,12.4,11.5,16.9,5,14.9,14.8
walkelo01,Lonnie Walker IV,76,204,5,2018,20,264,88,5537,0,971,2303,623,1305,348,998,316,395,69,394,230,2606,0.422,0.477,0.349,0.8,0.526,0.497,103,-0.1,-0.001,-1.7,-1.1,11.2,1.3,10.2,10.1,8.5,20.9
vincega01,Gabe Vincent,74,200,5,2019,23,206,68,4304,0,553,1399,262,522,291,877,133,157,63,471,230,1530,0.395,0.502,0.332,0.847,0.521,0.499,103,-0.6,-0.007,-3.2,-1.4,8.9,1.7,7.5,15.9,13.5,17.6
dunnkr01,Kris Dunn,75,205,5,2016,22,231,126,5561,0,772,1839,645,1422,127,417,218,300,90,950,414,1889,0.42,0.454,0.305,0.727,0.479,0.454,97,-2.7,-0.023,-3.4,0.1,11.7,1.7,13.8,25.7,17.4,18.7
laymaja01,Jake Layman,80,209,5,2016,22,209,48,2868,0,428,923,305,521,123,402,115,160,96,118,112,1094,0.464,0.585,0.306,0.719,0.551,0.53,107,1.4,0.023,-1.8,-0.1,11.2,3.6,10.6,5.8,10.1,16.3
porteke02,Kevin Porter Jr.,76,203,5,2019,19,217,146,6320,0,1145,2666,737,1500,408,1166,495,687,175,1045,613,3193,0.429,0.491,0.35,0.721,0.538,0.506,104,0.3,0.002,-0.6,0.4,13.5,3,13,25.6,17.1,23.9
fernabr01,Bruno Fernando,81,240,5,2019,21,203,19,2178,0,325,597,319,548,6,49,158,243,214,143,146,814,0.544,0.582,0.122,0.65,0.578,0.549,111,1.6,0.035,-3.2,-0.6,13.8,10.5,22.7,9.3,17.2,16.3
elliske01,Keon Ellis,76,175,3,2022,23,93,25,1482,0,160,344,54,96,106,248,50,67,52,110,56,476,0.465,0.563,0.427,0.746,0.637,0.619,123,1.8,0.059,-0.7,1.1,12.1,3.9,9.4,9.5,13,12.5
watsope01,Peyton Watson,79,200,3,2022,20,121,17,2143,0,304,644,237,433,67,211,110,162,83,120,81,785,0.472,0.547,0.318,0.679,0.549,0.524,110,0.8,0.018,-2.6,-0.1,12,4.4,13.9,7.3,10.2,16.1
fultzma01,Markelle Fultz,76,209,5,2017,19,131,86,3251,0,593,1317,545,1134,48,183,189,267,87,623,247,1423,0.45,0.481,0.262,0.708,0.496,0.468,102,0.1,0.001,-2,0,13.9,2.9,11.3,30.4,14.7,22.3
mamuksa01,Sandro Mamukelashvili,81,240,4,2021,22,145,15,1655,0,253,546,168,300,85,246,89,120,158,138,78,680,0.463,0.56,0.346,0.742,0.568,0.541,117,2,0.058,0,0.5,14.9,10.2,19.5,11.6,11.5,17.2
waterli01,Lindy Waters III,78,210,4,2021,24,121,9,1567,0,227,547,57,92,170,455,26,32,37,98,32,650,0.415,0.62,0.374,0.813,0.579,0.57,118,1.8,0.055,0,0.7,12.6,2.5,13.1,8.7,5.4,16.1
leesa01,Saben Lee,74,183,4,2020,21,134,8,1943,0,237,563,202,434,35,129,188,256,60,378,123,697,0.421,0.465,0.271,0.734,0.516,0.452,111,1.4,0.034,-2.1,0.3,13.7,3.4,11.6,28.1,15.4,17.8
champju02,Julian Champagnie,79,217,3,2022,21,111,82,2377,0,305,720,122,225,183,495,115,138,70,146,90,908,0.424,0.542,0.37,0.833,0.582,0.551,112,1.4,0.028,-1.2,0.2,11.6,3.2,13.7,8.4,10.3,15.5
johnsst04,Stanley Johnson,78,242,5,2015,19,310,64,6310,0,757,2024,513,1192,244,832,287,380,168,443,358,2045,0.374,0.43,0.293,0.755,0.467,0.434,93,-4.6,-0.035,-3.8,-1.4,8.7,2.8,14.8,10.2,14,17.6
goodwjo01,Jordan Goodwin,76,200,3,2021,23,121,19,2167,0,299,738,219,478,80,260,97,128,145,323,113,775,0.405,0.458,0.308,0.758,0.488,0.459,109,0.7,0.015,-1.2,1,13.6,7.6,15.8,20.8,12.5,18.1
mykhasv01,Svi Mykhailiuk,79,205,5,2018,21,252,54,4213,0,588,1458,256,537,332,921,165,216,85,351,226,1673,0.403,0.477,0.36,0.764,0.539,0.517,104,0.4,0.005,-1.6,-0.4,10.4,2.1,9.5,12.2,12.7,18.1
nembhan01,Andrew Nembhard,76,191,3,2022,23,151,118,3971,0,570,1229,412,777,158,452,102,128,72,658,237,1400,0.464,0.53,0.35,0.797,0.545,0.528,110,1.7,0.021,-2.1,-0.8,10.5,2,8,21.5,15.6,16.1
sumneed01,Edmond Sumner,76,196,5,2017,22,161,41,2256,0,356,758,269,503,87,255,198,244,51,182,133,997,0.47,0.535,0.341,0.811,0.576,0.527,108,1,0.022,-2.8,-0.6,12.1,2.5,9.3,11.3,13.3,19.3
laravja01,Jake LaRavia,79,235,3,2022,21,91,6,1717,0,221,527,125,253,96,274,131,168,101,161,91,669,0.419,0.494,0.35,0.78,0.557,0.51,113,1.2,0.034,-1.4,0.3,12,6.3,11.9,12.7,13.2,16.9
walkeja01,Jabari Walker,79,237,3,2022,20,144,23,2478,0,335,754,276,545,59,209,171,225,215,115,103,900,0.444,0.506,0.282,0.76,0.528,0.483,111,1.2,0.023,-2.9,-1.3,11.9,9.3,22.4,6.8,10.8,16.5
mckinal01,Alfonzo McKinnie,79,215,5,2017,25,182,9,2113,0,287,615,203,357,84,258,63,108,154,57,71,721,0.467,0.569,0.326,0.583,0.544,0.535,110,1.4,0.032,-2.9,-1.2,10.4,8.1,15.1,3.6,9.7,14.9
exumda01,Dante Exum,77,214,5,2014,19,239,69,4429,0,499,1226,334,690,165,536,203,265,89,502,301,1366,0.407,0.484,0.308,0.766,0.509,0.474,99,-0.4,-0.004,-3,-1.5,8.4,2.3,8.5,17.2,18.3,16.7
yurtsom01,Omer Yurtseven,83,275,3,2021,23,113,24,1334,0,245,458,236,416,9,42,62,95,165,80,82,561,0.535,0.567,0.214,0.653,0.561,0.545,113,1.3,0.047,-1.5,0,16.4,14,30,9.2,14.1,18.9
bazleda01,Darius Bazley,81,216,5,2019,19,237,118,5536,0,773,1869,539,1112,234,757,333,492,194,282,292,2113,0.414,0.485,0.309,0.677,0.507,0.476,98,-3.1,-0.027,-2.4,-0.6,11.2,3.7,20.1,7.6,12.3,18.4
gilesha01,Harry Giles,82,240,5,2018,20,165,17,1935,0,379,746,368,701,11,45,119,180,152,180,143,888,0.508,0.525,0.244,0.661,0.538,0.515,105,0.8,0.02,-2.9,-0.2,14.8,8.2,24,13.9,14.8,21.2
templga01,Garrett Temple,77,195,5,2009,23,229,58,3093,0,288,738,200,467,88,271,133,195,81,296,187,797,0.39,0.428,0.325,0.682,0.484,0.45,94,-1.1,-0.017,-3.7,-0.1,9,3,9.3,14.3,18.5,14.9
mitchda01,Davion Mitchell,73,202,4,2021,23,248,45,5209,0,736,1708,496,965,240,743,127,182,78,744,264,1839,0.431,0.514,0.323,0.698,0.514,0.501,106,0.8,0.007,-2.5,-2.1,9.7,1.6,7.2,19.7,12.9,16.8
nworajo01,Jordan Nwora,80,225,4,2020,22,206,30,3359,0,580,1341,343,710,237,631,167,207,125,216,200,1564,0.433,0.483,0.376,0.807,0.546,0.521,104,-0.1,-0.001,-1.5,-0.7,12,4.1,16.9,9.1,12.3,20.6
clarkga01,Gary Clark,78,225,4,2018,24,170,19,2240,0,177,504,38,77,139,427,31,37,117,84,44,524,0.351,0.494,0.326,0.838,0.504,0.489,110,1,0.021,-1.8,0,9,5.5,15.5,5.1,7.8,10.8
willizi02,Ziaire Williams,81,185,4,2021,20,171,57,3404,0,489,1157,312,563,177,594,157,196,99,199,163,1312,0.423,0.554,0.298,0.801,0.528,0.499,104,-0.3,-0.004,-3.4,-1.7,9.4,3.1,12.6,8.3,11.6,17.5
taylote01,Terry Taylor,76,230,3,2021,22,95,9,1166,0,194,334,175,268,19,66,46,67,139,61,39,453,0.581,0.653,0.288,0.687,0.623,0.609,129,2.6,0.106,0.3,0.1,15.8,13.1,11.3,7.6,9.7,14.8
agbajoc01,Ochai Agbaji,77,215,3,2022,22,158,69,3512,0,442,1005,259,481,183,524,107,145,138,194,125,1174,0.44,0.538,0.349,0.738,0.549,0.531,111,1.5,0.021,-2.2,-0.9,9.4,4.3,9.2,7.4,10.5,14.2
flynnma01,Malachi Flynn,73,185,4,2020,22,213,21,3032,0,422,1090,235,530,187,560,137,184,56,407,144,1168,0.387,0.443,0.334,0.745,0.499,0.473,106,0.4,0.006,-2.4,-0.5,10.8,2,11.9,19,11,18.6
grahatr01,Treveon Graham,77,219,4,2016,23,180,44,2883,0,266,694,146,334,120,360,105,152,121,144,76,757,0.383,0.437,0.333,0.691,0.497,0.47,106,1,0.017,-3.5,-1.3,7.6,4.4,10.5,6.9,9.1,12.3
wilsodj01,D.J. Wilson,82,231,5,2017,21,146,6,1803,0,244,582,148,288,96,294,63,102,80,108,79,647,0.419,0.514,0.327,0.618,0.516,0.502,103,0.1,0.003,-2.6,-0.3,10.7,4.7,20.6,8.1,11.2,16.4
greenaj01,A.J. Green,76,190,3,2022,23,109,4,1321,0,185,421,28,55,157,366,26,29,19,68,30,553,0.439,0.509,0.429,0.897,0.637,0.626,124,1.9,0.069,-0.2,0.2,11.3,1.6,10,7,6.5,15.1
jovicni01,Nikola Jovi?,82,205,3,2022,19,75,54,1355,0,194,437,107,195,87,242,67,86,42,118,60,542,0.444,0.549,0.36,0.779,0.571,0.543,112,0.8,0.028,-1.4,0.5,12.7,3.5,19.6,12.8,11.2,17.5
camarto01,Toumani Camara,79,229,2,2023,23,91,70,2391,0,270,612,177,351,93,261,92,124,188,135,119,725,0.441,0.504,0.356,0.742,0.544,0.517,110,0.8,0.016,-2.7,-0.4,10.6,8.3,13,8.1,15.1,13.8
jenkijo01,John Jenkins,76,215,5,2012,21,145,8,1850,0,269,600,174,339,95,261,101,119,30,116,86,734,0.448,0.513,0.364,0.849,0.563,0.528,106,1.6,0.042,-0.6,0.2,12,1.9,11.1,9.9,11.6,18.1
payneca01,Cameron Payne,75,183,5,2015,21,161,28,2637,0,394,977,256,576,138,401,75,96,47,406,165,1001,0.403,0.444,0.344,0.781,0.491,0.474,102,0.5,0.009,-1.9,0,11.7,1.9,10.7,22.9,13.9,19.4
willivi01,Vince Williams Jr.,76,205,3,2022,22,70,34,1586,0,188,438,104,193,84,245,107,136,67,188,104,567,0.429,0.539,0.343,0.787,0.569,0.525,110,0.7,0.021,-2.3,0.2,12,4.5,17.8,17.3,17.3,16.2
reddica01,Cam Reddish,79,217,5,2019,20,221,108,5287,0,704,1771,440,957,264,814,374,449,127,275,265,2046,0.398,0.46,0.324,0.833,0.52,0.472,101,-1.3,-0.012,-2.9,-1.6,9.8,2.7,10,7.3,11.9,18.1
lamban01,Anthony Lamb,78,227,3,2020,23,88,7,1618,0,194,434,98,162,96,272,64,81,83,121,73,548,0.447,0.605,0.353,0.79,0.583,0.558,115,1.3,0.038,-2.1,-0.2,10.3,5.6,13.6,9.9,13.5,14.1
cancavl01,Vlatko ?an?ar,80,236,5,2019,22,134,11,1425,0,174,362,113,194,61,168,61,72,51,114,65,470,0.481,0.582,0.363,0.847,0.597,0.565,116,1.2,0.041,-1.9,-0.1,10.9,4.1,13.8,10.4,14.2,14
pippesc02,Scotty Pippen Jr.,73,170,3,2022,22,48,25,1071,0,196,405,142,266,54,139,82,112,38,215,101,528,0.484,0.534,0.388,0.732,0.581,0.551,112,1,0.045,-0.5,0.8,15.8,3.8,11.2,29.6,18.2,21.6
fontesi01,Simone Fontecchio,79,209,3,2022,27,138,49,2784,0,409,967,187,369,222,598,111,138,105,160,122,1151,0.423,0.507,0.371,0.804,0.56,0.538,111,1.3,0.022,-1.2,-0.3,10.6,4.2,11.4,8,10.6,17.4
jacksfr01,Frank Jackson,75,205,5,2018,20,214,31,3873,0,656,1557,409,814,247,743,257,327,82,222,169,1816,0.421,0.502,0.332,0.786,0.534,0.501,104,0.9,0.011,-2.1,-1.9,10.4,2.2,8.6,8.4,9,20.3
spellom01,Omari Spellman,80,245,2,2018,21,95,14,1691,0,225,539,138,301,87,238,105,137,149,94,85,642,0.417,0.458,0.366,0.766,0.536,0.498,108,1.1,0.031,-0.6,0.2,13.4,9.1,17.2,8,12.4,16.9
reathdu01,Duop Reath,81,245,2,2023,27,79,20,1266,0,235,517,144,259,91,258,69,93,98,69,53,630,0.455,0.556,0.353,0.742,0.565,0.543,116,1.3,0.048,-0.4,0.3,14.7,8.2,15,8.7,8.7,20.5
wainris01,Ish Wainright,77,250,3,2021,27,116,2,1336,0,132,355,49,103,83,252,35,45,75,69,37,382,0.372,0.476,0.329,0.778,0.51,0.489,110,0.5,0.018,-2.8,0.2,9.3,6.1,11,6.6,9,13.2
blackan01,Anthony Black,79,200,2,2023,20,91,34,1694,0,177,398,124,248,53,150,92,139,44,179,105,499,0.445,0.5,0.353,0.662,0.543,0.511,104,-0.1,-0.003,-3.6,-0.3,9,3,10.8,14.8,18.6,14.5
garubus01,Usman Garuba,80,229,3,2021,19,105,3,1228,0,106,227,77,147,29,80,35,56,144,82,55,276,0.467,0.524,0.363,0.625,0.548,0.531,118,1,0.039,-2.1,0.2,12.8,12.7,22.9,8.9,17.9,10.4
bembrde01,DeAndre' Bembry,77,210,5,2016,22,240,35,4644,0,596,1298,505,959,91,339,183,299,143,467,336,1466,0.459,0.527,0.268,0.612,0.513,0.494,97,-2.3,-0.024,-3.5,-0.7,10.2,3.3,15.2,14.3,19,15.9
forretr01,Trent Forrest,76,210,4,2020,22,151,9,1758,0,167,376,155,311,12,65,72,87,50,281,104,418,0.444,0.498,0.185,0.828,0.504,0.46,109,0.7,0.019,-3.1,-0.2,9.7,3.1,11.1,20.6,20.1,12.6
cunnica01,Cade Cunningham,78,220,4,2021,20,156,156,5213,0,1205,2781,913,1910,292,871,479,563,122,1054,570,3181,0.433,0.478,0.335,0.851,0.525,0.486,103,-1.8,-0.016,0.6,2.3,15.4,2.5,15.2,34.3,15.8,29.5
mayssk01,Skylar Mays,75,205,4,2020,23,105,16,1111,0,173,389,123,244,50,145,55,64,27,182,49,451,0.445,0.504,0.345,0.859,0.541,0.509,116,1.4,0.061,-0.4,0.4,14.4,2.7,9.6,24.3,10.5,18.1
manntr01,Tre Mann,75,178,4,2021,20,181,59,3856,0,643,1566,393,851,250,715,171,217,84,415,223,1707,0.411,0.462,0.35,0.788,0.514,0.49,102,-1,-0.012,-2.5,-1.2,11.4,2.3,12.2,16,11.8,20.9
houstca01,Caleb Houstan,80,205,3,2022,20,123,17,1686,0,149,406,29,62,120,344,38,46,63,59,35,456,0.367,0.468,0.349,0.826,0.535,0.515,112,0.7,0.02,-2.5,-0.6,6.9,4.3,8.7,4.7,7.6,11.9
langfro01,Romeo Langford,77,216,4,2019,20,141,32,2268,0,253,589,198,398,55,191,89,135,114,97,67,650,0.43,0.497,0.288,0.659,0.501,0.476,106,0.3,0.006,-3.1,-0.8,8.5,5.4,8.8,5.7,9.4,13.4
sharpsh01,Shaedon Sharpe,77,208,3,2022,19,125,51,3237,0,567,1277,382,733,185,544,214,276,116,218,180,1533,0.444,0.521,0.34,0.775,0.548,0.516,107,0.6,0.009,-1.4,-0.9,11.7,3.9,11.6,10.4,11.4,20.9
antetth01,Thanasis Antetokounmpo,79,219,5,2015,23,164,11,1365,0,184,363,175,301,9,62,72,134,121,98,93,449,0.507,0.581,0.145,0.537,0.532,0.519,105,0.3,0.011,-4.1,-0.7,10.8,9.6,12.9,9.4,18.1,15.9
doziepj01,PJ Dozier,78,205,5,2017,21,105,6,1894,0,258,634,177,380,81,254,74,110,65,189,87,671,0.407,0.466,0.319,0.673,0.492,0.471,103,0,0,-2.5,-0.4,10.5,3.9,14.9,13.5,11.3,17.7
sochaje01,Jeremy Sochan,80,230,3,2022,19,137,133,3856,0,634,1414,528,1041,106,373,209,285,249,412,253,1583,0.448,0.507,0.284,0.733,0.514,0.486,104,-0.9,-0.011,-2.6,-1.4,11.6,6.9,16.5,15.1,14.1,19.5
wilsoja03,Jalen Wilson,78,220,2,2023,23,63,7,1149,0,138,313,86,165,52,148,71,84,69,78,38,399,0.441,0.521,0.351,0.845,0.57,0.524,119,1.3,0.053,-1.3,-0.2,11.1,6.6,13.5,9.6,9.8,14.9
duartch01,Chris Duarte,77,190,4,2021,24,170,62,3198,0,480,1180,282,614,198,566,183,225,89,225,157,1341,0.407,0.459,0.35,0.813,0.524,0.491,104,0,0,-2.1,-0.8,10.5,3.1,13,9.9,10.9,19.1
chrisma02,Max Christie,77,190,3,2022,19,127,11,1793,0,179,421,102,208,77,213,80,97,31,100,59,515,0.425,0.49,0.362,0.825,0.555,0.517,108,0.3,0.008,-3.1,-0.6,8.5,2,13.1,7.1,11.3,12.6
griffaj01,AJ Griffin,78,220,2,2022,19,92,12,1572,0,266,595,155,297,111,298,44,49,39,78,50,687,0.447,0.522,0.372,0.898,0.557,0.54,112,0.9,0.027,-0.9,0.1,11.3,2.7,9.3,6.6,7.5,17.8
thompau01,Ausar Thompson,78,205,2,2023,21,67,39,1645,0,240,503,216,381,24,122,74,126,133,133,90,578,0.477,0.567,0.197,0.587,0.518,0.501,106,0,0,-2.9,-0.1,12.7,8.9,19.2,11.5,13.9,16.8
bantoda01,Dalano Banton,80,203,4,2021,22,168,12,2338,0,407,986,294,620,113,366,165,231,95,310,182,1092,0.413,0.474,0.309,0.714,0.502,0.47,102,-0.8,-0.016,-1.3,0.5,13,4.3,14.7,20.3,14.3,23
windldy01,Dylan Windler,79,196,4,2020,24,101,0,1090,0,111,261,50,85,61,176,36,45,44,78,51,319,0.425,0.588,0.347,0.8,0.568,0.542,109,0.5,0.023,-2,0.2,10.3,4.5,17.2,10,15.4,13.3
roddyda01,David Roddy,76,255,3,2022,21,148,18,2635,0,372,876,249,477,123,399,99,146,107,158,127,966,0.425,0.522,0.308,0.678,0.514,0.495,102,-1,-0.018,-3.4,-1.4,9.1,4.3,14,8.5,11.9,17.1
liveris01,Isaiah Livers,78,232,3,2021,23,94,33,2051,0,201,494,78,150,123,344,56,71,58,87,61,581,0.407,0.52,0.358,0.789,0.553,0.531,109,0.6,0.014,-2.6,-0.6,8.1,3,10.6,5.9,10.4,12.2
terryda01,Dalen Terry,79,195,3,2022,20,118,2,1168,0,131,293,99,170,32,123,60,91,56,124,58,354,0.447,0.582,0.26,0.659,0.531,0.502,110,0.4,0.016,-3,0,10.9,5.3,11.9,14,14.8,14.5
sassema01,Marcus Sasser,74,195,2,2023,23,85,11,1537,0,255,578,154,312,101,266,64,72,16,258,100,675,0.441,0.494,0.38,0.889,0.554,0.529,110,0.7,0.022,-1.3,0,12.4,1.2,9.1,24.6,14.1,19.7
reedda01,Davon Reed,77,206,5,2017,22,122,7,1299,0,136,333,69,159,67,174,34,51,28,92,47,373,0.408,0.434,0.385,0.667,0.525,0.509,104,0.1,0.004,-2.9,-0.3,9.1,2.5,15.5,9.4,11.7,13.4
krejcvi01,Vit Krejci,80,195,4,2021,21,90,22,1494,0,143,330,74,132,69,198,29,37,38,134,59,384,0.433,0.561,0.348,0.784,0.554,0.538,110,0.6,0.02,-3.9,-0.9,8.3,2.6,10.9,11.9,14.6,11.5
edwarke02,Kessler Edwards,79,203,4,2021,21,142,27,1656,0,180,444,95,199,85,245,32,43,76,69,60,477,0.405,0.477,0.347,0.744,0.515,0.501,104,0,0,-2.9,-0.7,8.5,5.2,13.1,5.4,11.5,13.6
millebr02,Brandon Miller,79,200,2,2023,21,90,84,2930,0,592,1376,347,714,245,662,180,213,77,234,179,1609,0.43,0.486,0.37,0.845,0.547,0.519,105,-0.2,-0.003,-0.5,0.1,13.3,2.8,12.7,12.9,10.9,24.6
iveyja01,Jaden Ivey,76,195,3,2022,20,172,155,5170,0,964,2261,679,1435,285,826,563,755,188,774,491,2776,0.426,0.473,0.345,0.746,0.535,0.489,104,-1.1,-0.01,-1.2,-1.1,12.7,4,9.9,23.2,15.9,25.4
butleja02,Jared Butler,75,193,4,2021,21,101,2,1104,0,194,427,134,241,60,186,57,73,17,226,95,505,0.454,0.556,0.323,0.781,0.55,0.525,108,0.4,0.017,-1.5,0.1,13.8,1.7,9.6,29.5,17.1,21.4
randlch01,Chasson Randle,74,185,5,2016,23,119,7,1919,0,223,556,117,262,106,294,127,159,23,210,108,679,0.401,0.447,0.361,0.799,0.542,0.496,105,0.6,0.015,-3.5,-1.2,9.3,1.3,8.4,15.4,14.7,16.4
lewiski01,Kira Lewis Jr.,73,170,4,2020,19,131,0,1745,0,263,663,191,418,72,245,89,105,35,233,84,687,0.397,0.457,0.294,0.848,0.484,0.451,104,0,0,-3,-0.6,10.5,2.2,8.5,18.7,10.6,19.3
hawkijo01,Jordan Hawkins,77,190,2,2023,21,78,13,1462,0,221,582,90,218,131,364,95,111,34,84,54,668,0.38,0.413,0.36,0.856,0.529,0.492,107,0.3,0.01,-1.6,-0.6,10.2,2.6,11.8,8,7.9,20.3
omorueu01,Eugene Omoruyi,78,235,3,2021,24,87,6,1056,0,184,400,145,263,39,137,85,128,80,65,55,492,0.46,0.551,0.285,0.664,0.539,0.509,109,0.3,0.014,-2.8,-0.4,12.9,8,12.9,8.9,10.8,20.4
schofad01,Admiral Schofield,77,241,5,2019,22,131,3,1372,0,154,369,79,139,75,230,43,55,50,78,49,426,0.417,0.568,0.326,0.782,0.542,0.519,108,0.4,0.014,-3.6,-0.9,7.9,4,13.3,8,11.1,13.8
diengou01,Ousmane Dieng,81,185,3,2022,19,88,1,1120,0,145,356,89,152,56,204,36,50,38,96,49,382,0.407,0.586,0.275,0.72,0.505,0.486,104,-0.1,-0.004,-2.9,-0.3,9.8,3.7,15.4,11.1,11.5,16.2
jacksgg01,GG Jackson II,81,210,1,2023,19,48,18,1233,0,241,563,139,277,102,286,115,153,53,59,65,699,0.428,0.502,0.357,0.752,0.554,0.519,107,0.2,0.008,-0.2,0,13.7,4.5,13.2,8,9.3,24.2
cabocbr01,Bruno Caboclo,81,218,5,2014,19,69,20,1013,0,116,296,60,133,56,163,47,56,56,59,52,335,0.392,0.451,0.344,0.839,0.522,0.486,102,0,0,-2.3,-0.2,10.8,6.1,15.6,8.7,14,16.5
thorjt01,JT Thor,81,203,4,2021,19,167,11,2026,0,204,481,128,248,76,233,58,89,90,84,71,542,0.424,0.516,0.326,0.652,0.521,0.503,104,-0.3,-0.007,-3.7,-1.2,8.4,4.7,13.9,5.5,12,12.5
hutchch01,Chandler Hutchison,78,210,4,2018,22,103,25,1790,0,216,489,182,379,34,110,92,143,55,79,76,558,0.442,0.48,0.309,0.643,0.506,0.476,98,-0.6,-0.016,-3.7,-0.9,9.4,3.3,19.9,6.2,12.1,15
dorsety01,Tyler Dorsey,77,183,5,2017,21,107,16,1680,0,255,651,138,318,117,333,83,124,45,135,64,710,0.392,0.434,0.351,0.669,0.503,0.482,102,0.3,0.008,-1.3,-0.5,10.7,2.9,13.3,12.4,8.3,19.9
goodwbr01,Brandon Goodwin,73,180,4,2018,23,133,11,1609,0,230,590,151,339,79,251,89,122,34,251,104,628,0.39,0.445,0.315,0.73,0.488,0.457,102,-0.2,-0.006,-2.4,-0.3,10.6,2.3,11.9,22.4,13.9,20
muldemy01,Mychal Mulder,75,195,3,2019,25,84,12,1209,0,169,409,51,89,118,320,27,38,13,39,29,483,0.413,0.573,0.369,0.711,0.567,0.557,106,0.3,0.012,-2.1,-0.5,8.9,1.1,8.3,4.6,6.4,16.1
sheppbe01,Ben Sheppard,78,190,2,2023,22,70,6,1086,0,118,295,50,92,68,203,23,26,20,70,20,327,0.4,0.543,0.335,0.885,0.534,0.515,113,0.5,0.022,-3.1,-0.4,8,2.1,10.2,7.6,6.1,12.7
beaucma01,MarJon Beauchamp,79,199,3,2022,22,111,12,1344,0,183,425,104,200,79,225,50,69,62,67,79,495,0.431,0.52,0.351,0.725,0.544,0.524,103,-0.4,-0.014,-3.4,-0.8,8.8,5.1,12.4,6.6,14.8,16.9
dickgr01,Gradey Dick,78,200,2,2023,20,77,34,1828,0,292,692,164,334,128,358,106,119,38,106,81,818,0.422,0.491,0.358,0.891,0.549,0.514,108,0.4,0.011,-2.3,-1.1,10,2.2,8.9,8.1,9.8,19.1
hamptrj01,R.J. Hampton,76,175,4,2020,19,170,20,3116,0,417,1021,284,627,133,394,188,277,72,307,185,1155,0.408,0.453,0.338,0.679,0.505,0.474,99,-1.6,-0.026,-3.3,-1.4,9.6,2.5,13.7,14.7,13.9,18.4
coulibi01,Bilal Coulibaly,80,195,2,2023,19,80,32,2312,0,267,596,186,356,81,240,132,184,82,158,119,747,0.448,0.522,0.338,0.717,0.552,0.516,105,-0.2,-0.004,-3.2,-1.1,9.6,3.7,12.5,9.1,15,14.5
murrakr01,Kris Murray,80,216,2,2023,23,80,29,1586,0,176,435,117,220,59,215,44,75,105,92,67,455,0.405,0.532,0.274,0.587,0.486,0.472,103,-0.4,-0.013,-3.3,-0.6,9.2,7,12.1,8.3,12.5,14.3
bostobr01,Brandon Boston Jr.,78,188,4,2021,20,123,11,1865,0,317,791,236,529,81,262,147,185,58,154,96,862,0.401,0.446,0.309,0.795,0.494,0.452,101,-0.9,-0.024,-3.1,-0.9,11.7,3.5,11.8,12.6,9.9,22.6
chiozch01,Chris Chiozza,71,175,4,2018,23,91,4,1038,0,112,317,53,145,59,172,20,25,22,217,81,303,0.353,0.366,0.343,0.8,0.462,0.446,100,-0.3,-0.013,-2.8,-0.2,9.3,2.3,9.7,28.2,19.8,16.9
martike03,Kelan Martin,77,230,3,2019,24,96,5,1267,0,203,490,132,259,71,231,48,54,47,61,50,525,0.414,0.51,0.307,0.889,0.511,0.487,102,-0.1,-0.004,-2.5,-0.5,10.4,4,15.8,6.9,8.9,18.7
hardyja02,Jaden Hardy,75,198,3,2022,20,141,14,2008,0,388,939,228,503,160,436,145,179,35,201,137,1081,0.413,0.453,0.367,0.81,0.531,0.498,103,-0.8,-0.019,-2,-1,11.7,1.9,11.9,14.8,11.9,25.1
mcgowbr01,Bryce McGowens,78,190,2,2022,20,105,21,1669,0,181,432,121,250,60,182,126,165,37,105,73,548,0.419,0.484,0.33,0.764,0.543,0.488,106,0,0,-4.1,-1.4,8.3,2.4,10.7,8.6,12.6,14.9
smithis01,Ish Smith,73,175,5,2010,22,246,22,3030,0,392,1003,359,874,33,129,78,134,72,566,227,895,0.391,0.411,0.256,0.582,0.421,0.407,92,-2.2,-0.037,-2.6,-0.4,10.9,2.6,11.2,30,17.6,18.8
ntilila01,Frank Ntilikina,76,200,5,2017,19,269,60,4804,0,526,1417,338,849,188,568,155,200,90,631,300,1395,0.371,0.398,0.331,0.775,0.463,0.438,95,-3.1,-0.031,-4.1,-2.5,8.1,2,9.2,18.4,16.6,16.3
brookar01,Armoni Brooks,75,195,4,2020,22,84,16,1468,0,191,527,46,89,145,438,26,35,37,97,52,553,0.362,0.517,0.331,0.743,0.51,0.5,102,-0.1,-0.003,-2.1,-0.7,9.1,2.7,11.5,9.5,8.7,17.2
ellebcj01,CJ Elleby,78,200,2,2020,20,88,28,1366,0,146,374,102,214,44,160,71,99,77,97,61,407,0.39,0.477,0.275,0.717,0.487,0.449,103,-0.1,-0.004,-3.8,-1.1,9.2,6,15.1,10.1,12.7,15.2
knoxke01,Kevin Knox,79,215,5,2018,19,275,66,4962,0,721,1875,416,983,305,892,306,429,147,205,233,2053,0.385,0.423,0.342,0.713,0.497,0.466,98,-2.5,-0.025,-2.8,-3.1,9.2,3.1,14.4,6.2,10.1,19.9
chrisjo01,Josh Christopher,76,215,2,2021,20,138,4,2120,0,377,829,300,551,77,278,128,173,72,223,174,959,0.455,0.544,0.277,0.74,0.53,0.501,101,-0.7,-0.014,-2.5,-1,11.9,3.7,9.7,16.2,16.1,21.4
micicva01,Vasilije Mici?,75,188,2,2023,30,69,23,1336,0,178,431,127,250,51,181,65,81,22,282,111,472,0.413,0.508,0.282,0.802,0.506,0.472,103,-0.4,-0.014,-2.9,-1,10.1,1.8,7.9,29.6,19.2,18.9
pinsoth01,Theo Pinson,79,212,5,2018,23,127,1,1081,0,116,363,57,137,59,226,55,61,26,141,69,346,0.32,0.416,0.261,0.902,0.444,0.401,94,-1,-0.06,-4.4,-0.7,7.7,2.6,15.4,18.2,15,18.3
bowmaky01,Ky Bowman,73,187,1,2019,22,45,12,1015,0,134,321,101,214,33,107,34,41,24,131,70,335,0.417,0.472,0.308,0.829,0.494,0.469,96,-0.6,-0.018,-4,-0.6,9.1,2.5,10.7,19.4,17.1,17.2
culveja01,Jarrett Culver,78,195,4,2019,20,144,43,2480,0,367,915,275,582,92,333,108,212,127,173,136,934,0.401,0.473,0.276,0.509,0.463,0.451,95,-2.1,-0.021,-3.9,-1.6,9.3,5.3,12.2,10,11.9,19.1
pokusal01,Aleksej Pokusevski,85,210,4,2020,19,168,65,3429,0,482,1234,311,671,171,563,118,168,165,327,255,1253,0.391,0.463,0.304,0.702,0.479,0.46,94,-4,-0.04,-3,-1,10.5,5,19.1,14.1,16.3,19.5
robinje01,Jerome Robinson,77,190,5,2018,21,135,12,1685,0,198,548,118,279,80,269,69,97,21,136,83,545,0.361,0.423,0.297,0.711,0.461,0.434,93,-1.5,-0.03,-4.5,-1.2,6.7,1.3,12.2,10.7,12.3,16.7
maledth01,Théo Maledon,77,175,4,2020,19,177,64,3753,0,467,1255,285,667,182,588,257,324,63,518,283,1373,0.372,0.427,0.31,0.793,0.491,0.445,97,-3,-0.03,-3.9,-2.4,9.2,1.7,12.1,19.9,16.8,19.1
mudiaem01,Emmanuel Mudiay,75,200,5,2015,19,300,165,7176,0,1222,3049,946,2194,276,855,576,774,138,1139,669,3296,0.401,0.431,0.323,0.744,0.486,0.446,96,-4.2,-0.021,-1.6,-2.2,11.8,2.1,11.4,24.8,16.5,24.5
branhma01,Malaki Branham,76,180,3,2022,19,157,61,3358,0,581,1328,395,767,186,561,130,153,59,303,187,1478,0.438,0.515,0.332,0.85,0.53,0.508,102,-1.3,-0.02,-3.1,-2.7,9.3,1.9,9.9,12.9,11.8,19.7
primojo01,Joshua Primo,76,189,3,2021,19,56,16,1068,0,111,299,66,149,45,150,51,68,35,99,72,318,0.371,0.443,0.3,0.75,0.483,0.446,94,-0.9,-0.033,-4,-0.9,6.9,3.4,9.2,11.7,18,15.8
davisjo06,Johnny Davis,74,170,3,2022,20,91,11,1129,0,142,354,108,238,34,116,31,56,32,63,31,349,0.401,0.454,0.293,0.554,0.461,0.449,96,-0.9,-0.039,-5.4,-1.3,7,3.1,11.6,7.4,7.6,15.5
doumbse01,Sekou Doumbouya,80,230,3,2019,19,96,30,1639,0,204,526,149,311,55,215,79,114,61,66,81,542,0.388,0.479,0.256,0.693,0.47,0.44,92,-1.7,-0.055,-5.2,-1.8,6.9,4.1,14.3,5.9,12.3,17.5
hayeski01,Killian Hayes,77,195,4,2020,19,210,145,5479,0,671,1758,505,1159,166,599,196,253,81,1090,418,1704,0.382,0.436,0.277,0.775,0.456,0.429,97,-4.7,-0.038,-3.9,-2.7,9.4,1.6,11.2,28.8,18.3,17.9
smithde03,Dennis Smith Jr.,75,205,5,2017,20,216,135,5152,0,891,2219,677,1533,214,686,321,492,135,917,483,2317,0.402,0.442,0.312,0.652,0.476,0.45,95,-5,-0.042,-1.9,-0.4,12.2,2.8,10.9,28.5,16.5,25
washidu02,Duane Washington Jr.,74,197,2,2021,21,79,10,1362,0,267,683,146,357,121,326,62,85,6,148,91,717,0.391,0.409,0.371,0.729,0.498,0.48,98,-1.1,-0.037,-1.9,-0.9,10,0.5,9.4,16.5,11.2,25.5
georgke01,Keyonte George,76,185,2,2023,20,94,63,2628,0,417,1076,220,487,197,589,235,281,24,441,251,1266,0.388,0.452,0.334,0.836,0.528,0.479,104,-0.7,-0.014,-1.6,-1.7,10.3,1,10.2,24.2,17.3,23.1
weslebl01,Blake Wesley,75,185,3,2022,19,115,4,1745,0,200,496,164,369,36,127,90,139,35,291,138,526,0.403,0.444,0.283,0.647,0.472,0.44,96,-1.7,-0.049,-5.5,-1.9,7.4,2.1,9.9,22.2,19.9,16.7
pargoje01,Jeremy Pargo,74,219,5,2011,25,86,16,1123,0,160,422,122,303,38,119,58,90,21,155,100,416,0.379,0.403,0.319,0.644,0.451,0.424,89,-1.3,-0.054,-3.3,-0.9,8.2,2.1,7.2,22.4,17.8,22.5
johnske07,Keon Johnson,77,185,4,2021,19,101,12,1472,0,211,580,124,320,87,260,85,113,49,157,111,594,0.364,0.388,0.335,0.752,0.472,0.439,94,-1.9,-0.059,-3.9,-1.3,8.7,3.7,10.9,15.8,15,22
nixda01,Daishen Nix,76,238,3,2021,19,96,7,1225,0,117,328,64,145,53,183,43,72,26,178,117,330,0.357,0.441,0.29,0.597,0.459,0.438,90,-1.9,-0.077,-5,-1.3,6.2,2.3,9.8,19.6,24.5,16.3
jacksjo02,Josh Jackson,80,207,5,2017,20,291,92,6718,0,1222,2939,959,2038,263,901,569,837,250,534,536,3276,0.416,0.471,0.292,0.68,0.495,0.461,94,-6.9,-0.049,-2.9,-3.1,11.4,4,15,12.6,13.9,24.5
hendesc01,Scoot Henderson,75,206,2,2023,19,78,35,2189,0,376,963,273,645,103,318,200,248,64,423,261,1055,0.39,0.423,0.324,0.806,0.492,0.444,97,-2.8,-0.063,-3.3,-2,9.7,3.1,9.5,30.2,19.6,25.8
