player_name,height_in,weight_lbs,school_conf,col_fg,col_fga,col_2p,col_2pa,col_3p,col_3pa,col_ft,col_fta,col_trb,col_ast,col_stl,col_blk,col_tov,col_pf,col_pts,col_fgp,col_2pp,col_3pp,col_ftp,col_tsp,col_efgp,col_ws/40,col_obpm,col_dbpm,col_bpm,col_per,col_orbp,col_drbp,col_trbp,col_astp,col_stlp,col_blkp,col_tovp,col_usgp
Doug McDermott,78,225,Big East,10,18.2,7.6,12.9,2.4,5.2,5.2,6.3,9.5,1.7,0.3,0.1,2.8,2.3,27.6,0.55,0.587,0.458,0.831,0.652,0.616,0.235,9.1,-0.7,8.4,30.2,8.2,20.6,14.8,10.4,0.5,0.3,11.7,32.3
Stephen Curry,74,185,Atlantic 10,10.3,22,5.4,10.2,4.9,11.9,5.7,6.5,5.6,4.6,2.6,0.3,3.7,3,31.1,0.467,0.53,0.412,0.876,0.62,0.578,0.322,,,,,,,6.9,40.2,,0.6,12.9,38.3
Buddy Hield,76,220,SEC,7.5,16.7,4.2,8.2,3.3,8.6,3.6,4.3,6.3,2.4,1.6,0.4,2.7,2.5,21.9,0.448,0.508,0.39,0.836,0.584,0.548,0.177,7,2.4,9.4,22.4,5.6,11.6,8.7,12.9,2.3,0.9,12.7,26.6
Trayce Jackson-Davis,81,245,Big 10,8.3,14.7,8.3,14.7,0,0,5.4,8.1,11.2,2.6,0.9,2.6,2.4,2.4,22,0.565,0.566,0,0.676,0.596,0.565,0.23,7.8,3.9,11.7,29.7,10.2,21.6,16.1,14.9,1.3,7.5,11.3,26.9
Georges Niang,79,230,Big 12,8.3,16.5,6.4,11.6,1.8,4.9,3.3,4.4,6.9,4.1,0.9,0.7,3.1,4.1,21.7,0.5,0.553,0.375,0.763,0.583,0.556,0.16,4.9,1.5,6.4,21.5,4.6,14.6,9.8,20,1.3,1.6,14.3,26.9
Sam Merrill,76,205,MWC,6.6,14,3.6,7,2.9,7,4.1,4.6,4.4,4.4,1.2,0.2,1.9,2.9,20.2,0.47,0.52,0.42,0.891,0.624,0.575,0.206,5.4,1.6,7,22.1,1.1,11,6.2,22.2,1.7,0.7,10.6,22.8
Mike Muscala,82,240,Patriot League,7.6,15.1,7.4,14.4,0.2,0.7,6,7.3,11.5,2.2,0.6,2.8,2.3,3.3,21.3,0.501,0.51,0.313,0.819,0.574,0.508,0.241,6.3,2.6,8.9,29.5,10.1,24.9,17.8,13.7,0.9,7.9,10.9,28.4
Grayson Allen,76,198,ACC,6.1,14.2,3.2,6.5,2.9,7.7,5,6,4.5,4.4,1.5,0.1,2.4,3,20.1,0.43,0.49,0.38,0.834,0.591,0.533,0.189,5.9,2.2,8.1,21.4,2.3,10.1,6.4,19.6,2.1,0.3,12.4,24.1
Payton Pritchard,73,195,Big 10,5.4,12.4,3,6.1,2.4,6.3,2.8,3.5,4.5,5.4,1.7,0.1,2.4,2.6,16,0.437,0.495,0.379,0.8,0.569,0.533,0.171,4.2,2.5,6.7,19.3,2.4,10.8,6.7,25.9,2.6,0.2,14.6,21.2
Damian Lillard,74,195,Big Sky,6.9,15.6,4,8.1,2.9,7.5,6.2,7.1,5.3,4.3,1.5,0.2,2.9,2.6,23,0.446,0.497,0.39,0.867,0.606,0.54,0.209,8.5,0.7,9.2,29.3,1.7,14.2,8.1,24.3,2.3,0.6,13.4,28.6
Josh Hart,76,215,Big East,6.6,13,4.6,7.8,2,5.2,3.5,4.9,7.9,2.6,1.6,0.4,1.9,3.2,18.8,0.511,0.592,0.389,0.72,0.614,0.589,0.224,6.4,3.4,9.8,23.7,7.8,15.6,12,13.3,2.4,1.2,11,22.7
Malcolm Brogdon,76,229,ACC,5.8,13.5,4,8.6,1.8,4.9,4.1,4.6,5.4,3.2,1.1,0.3,2,2.4,17.4,0.43,0.466,0.365,0.876,0.556,0.496,0.196,4.8,3.8,8.6,20.6,2.6,14.3,8.7,17.7,1.9,0.9,11.3,25.3
Jaime Jaquez Jr.,78,225,Big 10,6.4,13.5,5.3,10.1,1.1,3.4,3.2,4.3,8,2.5,1.7,0.6,1.9,2.6,17.1,0.475,0.524,0.328,0.737,0.55,0.516,0.183,5.2,3.2,8.4,21.6,7.4,16.6,12,12.5,2.5,1.9,10.9,22.5
Desmond Bane,77,215,Big 12,6.2,12.4,3.8,7.1,2.3,5.4,2,2.5,6.2,3.1,1.2,0.5,2.1,2.9,16.7,0.495,0.542,0.433,0.804,0.611,0.589,0.157,4.8,2.3,7.1,19.2,3.8,14.3,9.1,16.1,1.8,1.4,13.1,19.9
Kemba Walker,72,184,Big East,6.3,14.8,5,10.6,1.4,4.2,5.5,7,5.4,5,2,0.3,2.8,1.9,19.6,0.428,0.469,0.326,0.783,0.539,0.475,0.196,9.2,3.9,13.1,25.7,3.5,10.6,7.3,26.6,3.2,0.7,13.5,26.2
Jevon Carter,73,200,Big 12,5.5,13.4,3.2,7.1,2.2,6.3,3.2,4,5,5.2,3.1,0.3,2.5,3.3,16.4,0.407,0.453,0.355,0.798,0.534,0.491,0.184,4.7,5.1,9.9,19.9,3.2,11.7,7.1,24.3,4.4,1,13.8,21
Klay Thompson,77,220,Big 10,7.1,16.8,4.2,9.4,2.9,7.4,3.8,4.5,5.6,3.1,1.5,0.9,3.4,2.9,20.9,0.424,0.45,0.39,0.827,0.55,0.509,0.159,6.8,3,9.8,23.6,3.3,13.8,8.7,20.3,2.6,2.7,15.3,31.9
Devonte' Graham,73,195,Big 12,4.9,11.5,2.2,5.1,2.6,6.4,3.2,4.1,3.9,5.6,1.8,0.1,2.4,2.1,15.6,0.422,0.437,0.409,0.787,0.578,0.536,0.164,5.2,3.1,8.3,18.2,1.7,8.9,5.5,23.6,2.5,0.3,15.1,19.7
Monte Morris,74,183,Big 12,5.4,11.3,4.1,7.9,1.3,3.4,2.4,3.1,4.4,6.5,1.9,0.3,1.4,1.8,14.4,0.476,0.517,0.381,0.78,0.566,0.533,0.176,5.3,3.3,8.6,20.5,2.7,9.2,6.1,27.5,2.7,0.9,9.9,17.7
Paul Millsap,79,257,Conference USA,8.1,14.1,8,13.9,0.1,0.2,4.8,7.7,14.5,1.1,1.5,2.3,2.8,3.6,21.1,0.577,0.58,0.375,0.62,0.594,0.579,0.304,,,,,,,19.3,5.6,,3.5,13.5,23.7
Joe Harris,78,220,ACC,5.6,12.5,3,6.2,2.6,6.3,2.9,4.1,5,2.5,1.1,0.5,2.1,3,16.6,0.445,0.484,0.407,0.722,0.577,0.548,0.174,4.6,2.8,7.4,19.3,3.7,12.4,8.1,14.6,1.9,1.4,12.6,23.6
Wayne Ellington,76,207,ACC,7.5,16.2,4.7,9.2,2.8,7,2.8,3.5,5.7,3.1,1.3,0.2,2.1,2.1,20.7,0.463,0.513,0.397,0.809,0.577,0.549,0.164,,,,,,,8,12.6,,0.4,10.7,22.1
Eric Paschall,78,255,Multiple,5.8,12.4,4.1,7.4,1.7,5.1,3.3,4.4,6.9,2.1,1,0.7,2.6,3.1,16.6,0.468,0.562,0.331,0.765,0.574,0.535,0.14,3,1.4,4.3,17.8,6.4,14.3,10.4,10.1,1.5,2,15.3,22.3
Jalen Brunson,74,190,Big East,6.9,13.6,4.8,8.2,2.1,5.4,4,4.8,3.4,5.2,1.2,0,2.6,2.5,19.9,0.51,0.587,0.393,0.82,0.628,0.588,0.206,5.8,2.2,8,22.1,1.8,8.1,5.1,24.3,1.7,0,14.1,24
Ochai Agbaji,77,215,Big 12,5.9,13.3,3.4,6.5,2.5,6.7,2.2,3.1,5.4,2,1.2,0.6,2.1,2.2,16.6,0.448,0.526,0.373,0.714,0.564,0.542,0.148,4.5,2.6,7,16.7,3.5,11.3,7.6,9.4,1.7,1.5,12.5,21
Denzel Valentine,76,220,Big 10,5.5,12.5,3,6.3,2.5,6.2,2.1,2.7,8.2,6.1,1.3,0.4,3,2.9,15.7,0.442,0.476,0.408,0.779,0.569,0.544,0.18,5.8,3.5,9.2,20.4,4.6,18.7,12,29.5,1.9,1.1,18,22.1
Grant Williams,78,236,SEC,7.3,14.2,6.9,12.8,0.4,1.4,6.7,8.8,9,2.9,1.2,2.1,2.9,4.4,21.7,0.516,0.54,0.291,0.758,0.591,0.53,0.209,5.4,3.5,8.9,25.7,9.7,15.3,12.7,14.8,1.7,6,13.7,26.5
Skylar Mays,75,205,SEC,5.2,11.8,3.5,6.7,1.7,5.1,4.1,4.8,4.8,3.9,2.1,0.3,2.4,2.2,16.3,0.445,0.52,0.345,0.845,0.58,0.519,0.14,4,2.2,6.1,19.1,1.8,11.4,6.7,17.1,3,0.7,14.6,20
Dillon Brooks,78,225,Big 10,7.4,15.8,5.8,11.1,1.7,4.7,3.9,4.9,6.3,3.5,1.2,0.6,3,4.1,20.5,0.472,0.518,0.362,0.794,0.565,0.526,0.166,4.5,1.5,6,21.1,6.6,11.3,9,17.9,1.8,1.7,14.1,26.4
Corey Kispert,78,224,WCC,5.9,12.2,3,5.2,2.9,7.1,2.2,2.7,5.9,2,1,0.5,1.5,2.4,16.9,0.483,0.585,0.408,0.824,0.626,0.601,0.19,5.3,1.8,7.1,18.5,4.3,11.9,8.4,7.9,1.3,1.3,10.1,18.2
Tim Hardaway Jr.,77,205,Big 10,5.9,13.9,3.7,7.3,2.3,6.6,3.1,4.3,4.9,2.5,0.9,0.4,2,2.4,17.2,0.425,0.5,0.343,0.724,0.539,0.507,0.138,4,1.6,5.6,18.3,2.2,13.7,7.9,13.1,1.4,1,11.4,25.2
Draymond Green,78,230,Big 10,6,12.9,5,10.1,1,2.8,3.8,5.5,12.1,4.7,2,1.3,3.1,4.4,16.8,0.467,0.496,0.361,0.687,0.543,0.506,0.212,6.4,5.6,12,25.4,9.3,26.6,18,24.6,3,3.6,16.5,23.7
Ben Sheppard,78,190,Missouri Valley,6.8,14.2,4.3,7.5,2.5,6.8,2.7,4,6,2.8,1.6,0.2,2.2,3,18.8,0.475,0.57,0.37,0.696,0.583,0.563,0.154,2.1,-0.3,1.7,18.9,3.3,13.7,8.7,12.8,2.2,0.6,12,23.3
Cameron Johnson,80,210,Multiple,6,13.2,3,5.7,3,7.5,2.6,3.2,6.4,2.8,1.2,0.4,1.6,2.8,17.7,0.457,0.523,0.405,0.817,0.601,0.571,0.162,5.7,2.3,7.9,19.3,4.8,12.5,8.7,13,1.7,1.1,9.9,19.6
Ayo Dosunmu,77,200,Big 10,7.6,16.2,6.1,11.9,1.5,4.3,3.4,4.5,5.8,4.7,1.3,0.3,3.3,2.3,20.1,0.47,0.516,0.345,0.75,0.548,0.516,0.154,4.8,2,6.9,20.2,2.8,13.7,8.3,24.2,1.9,0.7,15.2,26.7
Jalen Wilson,78,220,Big 12,6.4,14.7,4.6,9.2,1.8,5.6,4,5.4,10.1,2.6,1,0.5,2.4,2.6,18.5,0.434,0.506,0.316,0.732,0.535,0.494,0.163,4.7,2.4,7.1,19.3,6.5,21.5,14.2,12.2,1.4,1.4,12.1,24.6
Dwight Powell,82,240,ACC,5.8,12.4,5.4,11.2,0.4,1.3,4.5,6.2,9.6,2.7,1.4,1.3,3.2,4.4,16.4,0.464,0.484,0.289,0.722,0.533,0.479,0.146,1.8,3.3,5,19.4,7.4,21.9,14.3,14.6,2.1,3.5,17.1,23.8
Pat Connaughton,77,209,ACC,4.6,10.2,2.2,4,2.4,6.2,1.5,1.9,7.3,2.3,0.8,0.6,1.2,2.1,13.1,0.45,0.549,0.386,0.777,0.587,0.567,0.142,5,1.7,6.7,17.8,3.9,18.6,11.4,11.1,1.3,1.6,9.8,16.9
Frank Kaminsky,85,240,Big 10,7.2,13.8,5.8,10,1.4,3.8,4,5.3,9.1,2.6,1,2.1,1.6,3.2,19.8,0.522,0.58,0.369,0.763,0.609,0.573,0.259,8.4,4.6,13,29.6,7.9,20.7,14.4,14.9,1.7,5.2,9.2,25.5
Marcus Sasser,74,195,Big 12,6.1,14.9,2.5,5.4,3.5,9.6,3,3.6,3.6,3.3,1.8,0.1,1.9,2.2,18.6,0.406,0.471,0.369,0.824,0.56,0.524,0.212,5.5,3.5,9,19.8,1.3,8.8,5.1,16.1,2.8,0.5,10.1,23.4
Aaron Holiday,73,185,Big 10,5.9,13.2,3.7,7.9,2.2,5.3,3.9,4.9,4,5.9,1.6,0.3,3.8,3.4,18,0.45,0.469,0.422,0.795,0.58,0.535,0.123,3,1.2,4.2,17.4,1.7,8.7,5.4,25.5,2.2,0.7,19.6,23.3
Jordan Clarkson,75,194,Multiple,6.4,14.6,5.1,10.6,1.3,4,5.3,6.6,4.2,3.4,1.2,0.4,3.4,2.9,19.4,0.44,0.485,0.322,0.805,0.548,0.484,0.136,3,0.5,3.5,19.1,3.2,9.4,6.4,20.5,1.8,1,16.3,27.8
Solomon Hill,78,226,Big 12,4.8,10,3.7,7,1.1,3,3.4,4.5,7.7,3,1.3,0.5,2.9,3.4,14.2,0.481,0.528,0.375,0.745,0.582,0.538,0.149,4.3,2.7,6.9,17.9,7.8,15.8,11.8,15.8,1.9,1.3,19.1,19.7
Elfrid Payton,75,195,Sun Belt,6.4,13.1,6,11.7,0.4,1.4,5,8.2,6.4,6.2,2.5,0.6,4.3,2.9,18.1,0.485,0.512,0.268,0.611,0.533,0.5,0.139,2.3,1.6,4,21.3,5.2,13.5,9.2,32,3.5,1.6,20.1,25.6
Brandon Clarke,80,215,Multiple,8.6,13.4,8.5,13.1,0.1,0.4,3.6,5.8,11,2.7,1.5,3.4,2.1,3.1,20.8,0.639,0.649,0.25,0.618,0.643,0.642,0.241,6.5,3.9,10.4,30.3,11.7,19.6,15.7,14.5,2,8.8,11.6,22.5
David Roddy,76,255,MWC,7.5,14.3,6.3,10.6,1.2,3.7,4.5,6.1,9.9,3.2,1.2,1.1,3,2.9,20.7,0.522,0.593,0.319,0.739,0.6,0.563,0.203,5.1,1.6,6.7,25.3,8,21.3,15,17.5,1.7,3.5,14.6,26.7
Mason Plumlee,82,254,ACC,5.8,10,5.7,9.9,0,0.1,3.6,6.2,11.9,2.3,1.3,2.2,3.1,3.8,15.2,0.574,0.578,0.2,0.583,0.584,0.575,0.181,4.4,4,8.4,22,10.8,23.7,17.3,11.1,1.8,5,19.2,20.2
Norman Powell,76,215,Big 10,5.7,12.3,4.4,8.3,1.2,4,2.9,3.9,4.8,2.4,1.8,0.6,2,3.2,15.5,0.461,0.533,0.314,0.746,0.548,0.512,0.123,1.8,2.6,4.5,16.4,1.9,11.9,6.9,11.5,2.6,1.7,12.5,20.3
Toumani Camara,79,229,Multiple,6.1,12,5.3,9.3,0.8,2.7,3,4.7,10,2,1.4,1.2,3.2,4,16.1,0.513,0.573,0.307,0.631,0.566,0.548,0.141,1.5,2.2,3.7,18.8,9.1,19.8,14.7,10.5,2.1,3.2,18.4,22.3
Danny Green,78,215,ACC,6.8,14.9,4.3,8.1,2.5,6.8,2.8,3.3,8.2,3.5,2.2,2.1,2.9,3.8,18.9,0.455,0.522,0.375,0.845,0.574,0.54,0.233,,,,,,,10.9,15.1,,3.6,14.9,22.3
Malachi Flynn,73,185,Multiple,5.7,13.7,3.1,6.3,2.7,7.4,3.1,3.7,4.3,4.9,1.6,0.1,2.4,2.2,17.3,0.42,0.488,0.363,0.833,0.559,0.518,0.144,3.6,1.1,4.7,19.2,2,10.6,6.4,24.5,2.4,0.2,13.4,23.4
Jeff Green,80,235,Big East,5.7,11.7,4.7,8.8,1.1,2.9,3.3,4.7,7.8,3.8,1.1,1.5,3,3,15.8,0.488,0.531,0.359,0.7,0.565,0.533,0.174,,,,,,,12.7,20.8,,2.9,17.8,24.1
Saben Lee,74,183,SEC,6,12.7,4.8,9.1,1.2,3.6,5,7,4.3,4.8,1.6,0.3,3.5,2.7,18.1,0.471,0.527,0.328,0.718,0.567,0.517,0.116,2.8,0.7,3.5,19.1,2.1,10.5,6.2,27.7,2.4,0.7,17.9,24.9
Jared Butler,75,193,Big 12,6.8,15.7,3.6,7.5,3.1,8.2,2.8,3.6,4.4,4.8,2.1,0.3,3.3,3.3,19.5,0.431,0.483,0.384,0.782,0.56,0.531,0.183,5.1,3.1,8.2,20.2,2.1,10.9,6.4,23.7,3,0.7,15.9,25.7
Terance Mann,77,215,ACC,5.6,10.1,5,8.3,0.6,1.8,2.9,4.3,7.8,3,1.2,0.4,2.1,3.1,14.6,0.552,0.601,0.327,0.67,0.602,0.581,0.158,4.1,2.5,6.5,18.6,8.5,13.6,11.1,13.7,1.7,1,14.8,17.2
Taurean Prince,78,218,Big 12,7.2,15.6,5.2,10.3,2,5.3,3.9,5.5,8.4,2.2,1.9,1,3.4,4.2,20.3,0.46,0.504,0.376,0.718,0.557,0.524,0.165,5,2.4,7.4,21.8,9.1,15.5,12.3,12.1,2.9,2.7,15.7,27.3
Damian Jones,82,245,SEC,7.6,13.4,7.6,13.2,0,0.1,4.4,7.8,9.4,1.1,0.6,2.5,2.9,4.5,19.6,0.566,0.57,0.125,0.565,0.573,0.567,0.151,1.7,2,3.7,21.7,9.6,16.7,13.4,6.3,0.9,6.4,14.7,26.6
Mikal Bridges,78,209,Big East,5.8,11,3.6,5.6,2.2,5.4,2.8,3.3,6.4,2.3,2.1,1.3,1.6,3.2,16.5,0.525,0.645,0.4,0.845,0.656,0.623,0.216,6.4,5.1,11.5,22.7,5.3,13.4,9.6,10.3,3,3.6,11,18.3
James Harden,77,220,Big 12,6.9,13.7,5.2,9.2,1.7,4.5,6.2,8.2,6.2,4.3,2.2,0.5,3.4,2.8,21.7,0.506,0.57,0.376,0.755,0.618,0.568,0.23,,,,,,,10.3,27,,1,16.4,30.5
Andrew Nembhard,76,191,Multiple,4.6,10.4,3.2,6.2,1.4,4.2,1.8,2.3,3.6,6.6,1.5,0.1,2.4,2.2,12.5,0.446,0.515,0.343,0.79,0.545,0.515,0.148,2.9,2.5,5.3,15.8,0.8,9.2,5.2,28.4,2.2,0.3,17.6,17.6
Taj Gibson,81,232,Big 10,5.8,10.1,5.8,10.1,0,0,3.5,5.6,10.4,1.7,0.9,2.9,3,3.8,15.2,0.58,0.58,,0.629,0.597,0.58,0.215,,,,,,,14.8,8.4,,5.5,19.2,19.2
Jordan Nwora,80,225,ACC,7.2,16.1,4.3,8.7,2.9,7.4,3.9,5,9.2,1.6,1.2,0.4,2.7,2.8,21.2,0.445,0.489,0.394,0.785,0.573,0.535,0.177,5.4,2.5,7.9,21.3,5.1,20,12.9,8.5,1.7,1.1,12.9,27.1
Montrezl Harrell,79,240,ACC,7.2,12.3,7.1,11.8,0.1,0.5,2.9,5.5,10.5,1.4,1.2,1.6,2,2.9,17.5,0.586,0.6,0.275,0.533,0.586,0.592,0.217,5.3,3.4,8.7,24.1,11.1,18.5,14.8,7.4,1.8,4.4,11.6,21
Alec Burks,77,214,Big 12,8.1,16.3,7.2,13.4,0.9,2.9,7.6,9.4,7.6,3.1,1.4,0.5,3,3.1,24.6,0.495,0.533,0.313,0.804,0.592,0.522,0.206,8,0,8.1,27.8,8.8,13.7,11.3,17,2.1,1.2,12.6,30
Chimezie Metu,82,225,Big 10,7,13.2,6.9,12.6,0.2,0.6,4,5.8,9.3,1.7,1.1,2.4,2.6,3.7,18.3,0.533,0.545,0.302,0.692,0.573,0.54,0.147,2.1,2.4,4.5,21.5,7.8,18.6,13.3,8.4,1.5,6.2,13.8,23
Cameron Payne,75,183,Missouri Valley,7.8,18,5,10.2,2.8,7.8,4.5,5.8,4.5,7,2.2,0.7,3.5,3,22.9,0.432,0.487,0.359,0.781,0.551,0.509,0.202,5.7,0.8,6.4,25.3,1.7,10.9,6.5,37.1,3.3,1.7,14.5,30.5
Blake Griffin,82,251,SEC,9.2,14.9,9.2,14.7,0.1,0.2,5.8,9.9,15.3,2.7,1.4,1.3,3.7,3.3,24.3,0.618,0.622,0.3,0.589,0.62,0.62,0.29,,,,,,,21.8,16.4,,2.4,15.7,29.5
Jimmy Butler,79,230,Big East,5,9.8,4.5,8.6,0.5,1.2,5.9,7.6,7.4,2.3,1.5,0.6,1.4,2.3,16.3,0.508,0.525,0.383,0.773,0.607,0.531,0.203,7.2,2.2,9.4,24.7,8.5,13.2,11.1,11.2,2.4,1.6,9.5,19
Keita Bates-Diop,80,229,Big 10,6.9,14.7,5.1,9.5,1.8,5.2,3.1,4,9.2,1.8,1,1.9,2,2.3,18.8,0.472,0.537,0.352,0.776,0.567,0.534,0.177,5.1,3.1,8.2,22.5,5.5,20.2,13.2,9.3,1.5,5.4,10.7,23.8
Reggie Jackson,74,208,ACC,6.6,14.1,4.8,9.1,1.7,5,3.2,4.3,6.2,5,1.2,0.7,2.9,2.5,18.1,0.465,0.527,0.351,0.753,0.56,0.527,0.156,8.9,0.9,9.8,23.9,5.5,12.8,9.2,26.8,1.6,1.6,15.3,24.8
Josh Richardson,77,200,SEC,4.8,10.5,3.7,7.3,1,3.2,2.5,3.3,4.6,2.6,1.5,0.9,2.2,3.1,13,0.456,0.516,0.318,0.758,0.542,0.504,0.125,2.5,3,5.5,16.2,3.6,10.7,7,14.4,2.5,2.5,15.3,19
Matisse Thybulle,77,201,Big 10,4.5,10.4,2.5,5,1.9,5.4,1.7,2.2,4.2,2.8,3.3,1.9,2.5,3.8,12.5,0.429,0.507,0.358,0.782,0.55,0.522,0.112,1.7,5.3,7,16.5,3.4,8.4,5.9,12.8,4.7,4.9,18.2,17
Trey Burke,73,185,Big 10,6.7,14.9,4.7,9.3,2,5.6,3.5,4.5,3.7,6.4,1.4,0.5,2.8,1.9,18.9,0.45,0.499,0.367,0.777,0.556,0.519,0.197,7.5,2.6,10.1,24.3,2.1,10.1,6.1,33.2,2.3,1.4,14,27.4
Rui Hachimura,80,230,WCC,9.2,15.9,8.7,14.4,0.5,1.5,5.6,7.5,9,1.6,1.2,1,2.4,3.2,24.5,0.579,0.607,0.316,0.746,0.629,0.594,0.246,5.3,2.7,8,27,6.8,17.4,12.6,7.4,1.7,2.6,10.9,26.9
Harrison Barnes,80,225,ACC,8,18.5,5.9,12.5,2.1,6,4.3,5.8,7.5,1.7,1.2,0.5,2.7,2.5,22.3,0.43,0.469,0.349,0.734,0.524,0.487,0.17,4.8,2.3,7.1,20.3,7.1,12.3,9.7,8.4,1.7,1.3,11.1,27.3
Kessler Edwards,79,203,WCC,5.8,12.4,3.8,7.2,2.1,5.2,3,3.9,8.2,1.5,1.3,1.7,2,3,16.8,0.469,0.522,0.395,0.789,0.587,0.551,0.141,3.5,0.8,4.3,19.7,6.1,18,12,7.6,1.8,4.8,12,20.2
Kris Dunn,75,205,Big East,5.7,12.6,4.7,9.8,1,2.7,3.9,5.6,6.5,7.4,2.8,0.5,4.2,3.7,16.2,0.45,0.476,0.354,0.693,0.531,0.488,0.144,3.3,4.9,8.2,20.7,3.9,15.1,9.3,40.3,4.1,1.4,21.6,24.6
Ja Morant,74,174,Missouri Valley,6.9,14.3,5.5,10,1.5,4.3,5.8,7.2,6.9,9.3,1.5,0.7,4.3,2,21.1,0.485,0.545,0.343,0.81,0.597,0.536,0.239,6.2,1.5,7.7,26.7,5,14,9.8,43,2.2,1.8,19.7,27.2
Quentin Grimes,76,210,Multiple,5.8,14.1,3,6.5,2.8,7.6,2.7,3.9,5.3,3,1.3,0.3,2.8,3.1,17.1,0.411,0.464,0.366,0.701,0.536,0.51,0.153,3.5,2.2,5.7,16.3,3.4,11.2,7.3,14.4,1.9,0.9,14.8,23.1
Cody Martin,78,205,Multiple,5.1,10.2,4.5,8.4,0.6,1.8,2.6,3.7,6.3,4.9,1.8,1.1,2.3,3.2,13.4,0.501,0.539,0.325,0.689,0.558,0.529,0.15,3,3.3,6.3,18.7,5.4,12,8.8,22.5,2.5,3,16,17.8
Shake Milton,77,205,ACC,5.1,11.4,2.6,5.5,2.5,5.9,2.6,3.4,4.5,4.5,1.3,0.4,2.1,1.8,15.4,0.452,0.478,0.427,0.791,0.595,0.562,0.181,4.7,2.4,7.1,19,1.5,11.3,6.6,21.3,2,1.4,14,19.7
Cody Zeller,83,240,Big 10,7.6,12.9,7.6,12.9,0,0,6.9,9.1,10.1,1.8,1.6,1.7,2.7,3.4,22.2,0.592,0.594,0,0.756,0.643,0.592,0.271,7.7,3.7,11.4,30.6,11.8,19.4,15.7,9.5,2.5,4.4,13.5,25.4
Luke Kennard,77,206,ACC,6.6,14.4,4.1,7.9,2.5,6.6,4.4,5,5.6,2.6,1.1,0.3,1.5,2.7,20.2,0.461,0.526,0.383,0.867,0.6,0.548,0.192,6.6,1.8,8.4,22.3,4,11.5,7.9,12.4,1.7,0.8,8.3,22.9
Dwayne Bacon,78,221,ACC,8.4,18.7,6.6,13,1.8,5.7,4.3,5.9,6.9,2.2,1.4,0.1,2.9,2.6,22.9,0.449,0.51,0.312,0.733,0.533,0.497,0.135,3.5,0.7,4.2,19.9,4.7,14.7,9.8,11,1.9,0.3,11.9,29.1
Jaylen Nowell,76,201,Big 10,7.2,15.1,5.6,11.2,1.5,3.9,3.3,4.2,5.5,3.5,1.4,0.3,3.3,3,19.2,0.476,0.504,0.396,0.789,0.563,0.527,0.138,2.5,1.1,3.6,19,3.6,12.9,8.3,19.3,2,0.8,16,26
Pascal Siakam,80,245,Conference USA,7.9,14.4,7.9,14.1,0.1,0.3,4.3,6.1,11.8,1.9,1.1,2.4,2.4,3.2,20.3,0.551,0.559,0.176,0.711,0.586,0.553,0.247,4.7,2.3,6.9,29,13.5,20.9,17.4,11.1,1.7,6.2,12,25.4
Al Horford,81,240,SEC,6.1,10.4,6.1,10.3,0,0.1,3.9,6.3,12.4,2.7,1.3,2.7,2.5,3.9,16.1,0.586,0.589,0,0.619,0.601,0.586,0.244,,,,,,,17,11.6,,4.9,15.6,18.6
Victor Oladipo,75,213,Big 10,6.3,11.8,5.6,9.6,0.8,2.2,4,5.6,8.4,2.7,2.5,0.9,3.2,3.9,17.5,0.538,0.585,0.338,0.716,0.604,0.57,0.198,5.7,4.2,9.9,24.1,10.4,15.7,13.1,13.9,3.8,2.3,18,22.7
Spencer Dinwiddie,77,215,Big 12,4.5,10.7,2.7,6.1,1.8,4.6,6.5,7.8,4.4,3.5,1.5,0.4,2.4,2.8,17.2,0.42,0.446,0.386,0.83,0.599,0.504,0.19,4.6,3.1,7.8,20.9,2,11.3,6.7,18.9,2.3,1.2,14.1,21.8
Moritz Wagner,83,245,Big 10,7.5,13.7,5.5,8.6,2,5.1,2.9,4.1,8.6,1,1.5,0.7,2.2,4.8,19.9,0.547,0.643,0.385,0.698,0.633,0.618,0.191,4.4,2.7,7.2,23.3,7.3,19.6,13.5,5.5,2.3,1.9,12.5,24.7
Sterling Brown,77,219,ACC,4.5,9,3,5.7,1.5,3.3,2.2,2.9,7.5,3.4,1.6,0.6,2.4,3.5,12.7,0.504,0.534,0.451,0.77,0.616,0.586,0.174,3.6,3.6,7.3,18.1,6.9,14.8,11.1,15.6,2.5,1.9,18.9,16.7
Sandro Mamukelashvili,81,240,Big East,5.7,12.5,4.3,8.3,1.4,4.3,2.8,4.2,9.3,2.6,0.9,1.2,2.6,3.4,15.7,0.459,0.521,0.339,0.663,0.542,0.517,0.131,3.3,1.9,5.2,18.2,7.9,18.4,13.2,13.6,1.4,3.3,15.1,21.4
Obi Toppin,81,220,Atlantic 10,9.6,14.9,8.7,12.6,0.9,2.2,3.5,4.9,9.1,2.8,1.1,1.4,2.8,2.6,23.6,0.647,0.688,0.417,0.706,0.687,0.679,0.251,7.7,2.9,10.6,30.3,6.4,19.7,13.8,15.1,1.6,3.9,14.1,26.7
Richaun Holmes,81,235,Mid-American,6.4,11.6,5.9,10.2,0.5,1.4,4,5.8,10.4,1,1.2,3.9,2.3,3.7,17.3,0.554,0.58,0.353,0.697,0.605,0.574,0.2,3.3,3.1,6.4,26.4,11.5,18.9,15.2,5.9,1.8,11,13.7,21.8
Jake Laravia,79,235,Multiple,5.9,11.2,5.1,9.2,0.8,2,4,5.4,8.5,3.5,1.7,1.4,3,4,16.5,0.524,0.558,0.371,0.743,0.599,0.558,0.185,3.7,2.6,6.3,22.4,9.6,15.6,12.7,17.8,2.4,3.9,17.8,21.9
Caris LeVert,78,205,Big 10,5.4,12.4,3.4,7.5,2,4.9,3,3.9,5.4,4,1.4,0.3,2,2.2,15.7,0.434,0.456,0.401,0.77,0.552,0.514,0.147,4.1,2.7,6.8,19.3,1.8,15.1,8.5,21,2.3,0.9,12.3,22.8
Marcus Smart,75,220,Big 12,5.9,14.3,4.3,8.8,1.6,5.6,6.6,8.8,7.1,5.4,3.5,0.8,3.6,3.5,20.1,0.413,0.488,0.295,0.751,0.542,0.47,0.207,5.5,5.9,11.4,25.4,5.2,15.1,10.3,28.4,5.2,2.1,16.4,28.2
Will Barton,78,181,ACC,6.9,14.6,5.6,10.2,1.3,4.4,3.3,4.5,7.8,3.5,1.8,0.7,2.8,2.7,18.4,0.471,0.546,0.299,0.733,0.549,0.517,0.176,4.4,2.4,6.8,22.1,6.6,16.8,11.9,18.4,2.6,1.9,14.5,24.9
CJ Elleby,78,200,Big 10,7.1,17.1,4.6,10.4,2.5,6.7,3.9,5.3,9.3,3,1.7,0.9,3.2,3.4,20.6,0.413,0.443,0.367,0.749,0.524,0.485,0.128,3.3,1.2,4.4,20.2,4.8,21.6,13,16.7,2.4,2.3,14,28.2
Jeremy Lamb,77,180,Big East,6.6,13.8,4.7,8.2,1.9,5.6,2.4,3,5.8,2.1,1.3,0.8,2,2,17.6,0.482,0.573,0.348,0.806,0.58,0.553,0.164,5.5,2.6,8.1,21.3,4,12.2,8.2,11.2,2,1.9,11.6,22.2
Jalen Williams,77,211,WCC,5.9,12.5,4.5,8.5,1.4,4,3.4,4.3,4.9,3.8,1.6,0.7,2.1,3.4,16.5,0.469,0.525,0.352,0.785,0.568,0.526,0.145,2.1,1.7,3.7,18,2,11.4,7,17.9,2.3,1.8,12.7,21
Miles Bridges,79,225,Big 10,7.9,16.7,5.3,9.8,2.6,6.9,3.2,4.1,9.6,3.1,0.8,1.4,2.7,2.1,21.5,0.47,0.537,0.375,0.776,0.576,0.548,0.186,6.4,3,9.5,22.8,5.4,20.4,13.6,15.8,1.2,3.6,12.7,27.2
Aaron Wiggins,77,190,Big 10,5.5,13.6,3,6.6,2.5,7,1.9,2.5,6.6,2.2,1.3,0.5,2,2.5,15.5,0.407,0.456,0.361,0.769,0.525,0.5,0.129,3.6,2.5,6.1,16.4,4.6,13.9,9.5,11.9,1.9,1.5,12.1,22.3
Jae Crowder,78,235,Big East,6.9,14,5,8.6,1.9,5.4,3.6,5.3,10,2.4,2.5,1.2,1.4,3.3,19.3,0.492,0.581,0.35,0.683,0.584,0.56,0.233,7.5,4.3,11.8,26.7,8.2,20.8,14.5,12.5,3.6,3.2,7.6,21.9
Bobby Portis,82,250,SEC,8.2,15.7,7.8,14.4,0.5,1.3,4.1,5.5,11.1,1.8,1.5,2.1,1.9,2.7,21,0.526,0.54,0.365,0.737,0.574,0.54,0.21,6.3,2.1,8.4,26.7,12,18.6,15.3,9.8,2.1,5.3,9.6,24.2
Keegan Murray,80,225,Big 10,9.3,17.2,7.4,11.9,2,5.3,4.3,5.8,11,1.6,1.7,2.6,1.4,2.9,25,0.543,0.618,0.373,0.749,0.626,0.6,0.271,10.3,3,13.2,33,9.8,19.9,14.9,8.4,2.4,6.7,6.6,26
Josh Okogie,76,213,ACC,6.5,14.9,5.2,11.4,1.3,3.4,6.2,8,7,2.4,1.8,1,2.7,3.3,20.5,0.437,0.454,0.382,0.777,0.55,0.481,0.157,4.1,2.7,6.7,21.4,6.4,13.3,10,13.6,2.6,2.6,12.8,27.4
Kira Lewis Jr.,73,170,SEC,6.5,14.5,4.5,9.1,2,5.4,3.5,4.4,4.2,4.6,1.5,0.5,3.3,2.5,18.4,0.447,0.498,0.362,0.793,0.555,0.515,0.127,3,1.5,4.5,17.7,1.9,9.1,5.5,23.5,2,1.2,16.5,23.5
Gary Harris,76,210,Big 10,6.4,14.6,3.7,7.4,2.7,7.2,3.5,4.5,4.2,2.6,2,0.4,2.1,2.6,19.1,0.44,0.503,0.376,0.788,0.571,0.533,0.183,6,3.6,9.6,21,3.9,8.6,6.3,13.5,3.1,1.1,11,24.6
Delon Wright,77,185,Big 12,5.7,10.7,5.1,8.6,0.6,2.1,5.2,6.4,6.7,5.9,2.6,1.3,2.6,1.9,17.3,0.535,0.594,0.299,0.814,0.629,0.565,0.266,7.6,6.3,13.9,28.1,4.3,15.4,10.3,30.8,4,3.5,15.8,22.1
Christian Braun,78,220,Big 12,4.9,11,3.1,6,1.9,5,2.4,3.2,7,2.5,1.3,0.7,1.8,2.3,14.2,0.449,0.508,0.378,0.749,0.566,0.535,0.161,4.5,3.5,7.9,17.2,4.6,14.9,9.9,11.4,1.9,2,12.9,17.9
Kentavious Caldwell-Pope,77,204,SEC,6.4,15.4,3.6,7.1,2.8,8.3,3.6,4.7,7.4,1.8,2.3,0.5,1.9,2.6,19.2,0.415,0.504,0.339,0.752,0.543,0.507,0.182,6.6,3.3,9.9,24,4.6,18.8,11.5,13.3,3.8,1.6,9.7,27
Ty Jerome,77,195,ACC,5.2,12,2.8,5.9,2.4,6.1,1.7,2.2,4.6,5.5,1.8,0.1,2.1,2.9,14.6,0.435,0.479,0.392,0.788,0.558,0.534,0.198,4.5,5.1,9.5,19.7,1.4,12.7,7.2,28,3,0.2,13.8,21.9
Domantas Sabonis,82,240,WCC,7.8,12.3,7.7,12.1,0.1,0.3,4.6,6.4,14.1,2,0.8,0.9,3.1,4.4,20.3,0.632,0.638,0.357,0.729,0.662,0.636,0.249,4.8,2.3,7.1,27.4,12.4,26.4,20.1,9.7,1.2,2.2,16.6,23.9
Gordon Hayward,79,225,Big East,5.2,11.1,3.2,5.6,2,5.5,4.9,6,9,2.2,1.5,1.1,2.4,2.5,17.4,0.47,0.569,0.369,0.824,0.624,0.562,0.249,,,,24.3,7.6,23.4,14.1,12.9,2,2.7,14.8,22.3
Kawhi Leonard,79,225,Pac-12,6.7,15,6,12.1,0.7,2.9,3.5,4.7,12.8,2.8,1.8,0.8,2.7,3.1,17.7,0.449,0.497,0.25,0.744,0.513,0.473,0.211,5.3,3.9,9.2,25,12.6,25,19,14.4,2.7,2.2,13.7,26
Isaiah Livers,78,232,Big 10,5,10.7,2.6,5,2.4,5.7,1.9,2.2,6.5,1.6,0.8,0.9,1.3,2.7,14.2,0.465,0.526,0.412,0.856,0.604,0.575,0.169,4.2,3.6,7.8,17.3,4.6,13.9,9.5,7.3,1.3,2.2,9.9,17.3
Paul Reed,81,210,Big East,7.4,13.9,6.8,12,0.6,1.9,2.7,3.7,13,1.7,2,2.6,2.7,4.2,18.2,0.535,0.568,0.33,0.739,0.583,0.558,0.178,3.8,3,6.8,25.3,11.3,25.1,18.1,8.8,2.8,7.9,14.7,22
Khris Middleton,79,222,SEC,6,13.9,4.4,8.9,1.6,5.1,3.7,4.8,7,3.1,1.5,0.3,3.1,3.3,17.3,0.431,0.494,0.321,0.768,0.534,0.489,0.156,5.4,2.2,7.6,19.6,7,14.4,10.6,18.7,2.4,0.9,15.9,25.5
Paul George,80,220,MWC,6,13.4,3.7,7.6,2.3,5.8,4,4.9,7.9,2.8,2.3,1.1,3.2,3.3,18.2,0.447,0.485,0.396,0.803,0.579,0.532,0.155,,,,24.3,6.7,18.8,11.5,16.8,4,2.5,17.1,24.6
Kyle Kuzma,81,221,Big 12,7.4,14.6,6.4,11.2,1,3.4,3.4,5.4,10.6,2.8,0.6,0.7,3,3,19.2,0.506,0.567,0.302,0.633,0.56,0.541,0.163,3.3,0.9,4.1,21.1,9.7,20.5,15.5,14,0.9,1.8,14.9,25.9
Nikola Vucevic,82,260,Big 10,6.1,12,5.5,9.9,0.6,2,3.2,4.3,11.5,1.6,0.7,1.6,2.1,3.5,16,0.509,0.551,0.303,0.746,0.571,0.535,0.199,6.7,2.8,9.4,24.2,10.8,24.5,17.7,10.1,1,4.4,13.3,22.7
Daniel Gafford,82,265,SEC,8.8,13.9,8.8,13.9,0,0,4.7,8.3,11.6,1.1,1.1,3.3,2.6,4.7,22.4,0.635,0.635,,0.562,0.626,0.635,0.194,4.9,2.7,7.6,27.8,11.1,21.4,16.3,6,1.6,10,12.9,25
Tony Snell,78,213,MWC,4.8,11.4,2.3,4.7,2.6,6.7,2.6,3.1,3.9,3.3,0.8,0.6,2.4,1.9,14.7,0.421,0.48,0.38,0.821,0.571,0.533,0.138,3.7,1.8,5.6,15.6,2,9.8,5.9,18.1,1.3,1.6,15.6,20.1
Trey Murphy III,80,206,Multiple,5.5,12,2.1,3.6,3.4,8.4,2.4,2.9,5.7,1.5,1.1,0.8,1.4,2.9,16.7,0.455,0.58,0.401,0.819,0.623,0.595,0.152,4.4,0.1,4.5,19,3.5,13,8.3,8,1.6,2.1,9.7,19.4
Chris Paul,73,175,ACC,5.3,11.2,3.6,7.7,1.6,3.5,5.8,6.9,4.6,7.5,3,0.2,3.2,3.1,18,0.472,0.473,0.47,0.838,0.622,0.545,0.178,,,,,,,6.6,32.3,,0.4,18.3,20.6
Vince Williams Jr.,76,205,Atlantic 10,4.6,10.5,2.8,5.5,1.9,5.1,3.6,4.7,7.5,3.2,2,0.9,3.2,3.9,14.7,0.44,0.507,0.367,0.773,0.578,0.528,0.163,2.2,3.9,6.1,17.5,5.1,16.5,11,16,2.9,2.6,20.2,20.7
Bennedict Mathurin,77,210,Big 12,6.6,14.5,4,7.7,2.6,6.8,4.4,5.5,7.2,2.7,1.2,0.3,2.1,2.4,20.2,0.456,0.521,0.383,0.789,0.59,0.546,0.197,5.9,1.8,7.7,20.7,5.3,13.9,9.9,12.2,1.6,0.6,10.8,23.1
Kris Murray,80,216,Big 10,8.2,17.3,5.6,9.9,2.6,7.4,3.3,4.7,9.2,2.3,1.4,1.6,1.7,3.6,22.2,0.473,0.566,0.348,0.699,0.569,0.547,0.193,7.3,1.2,8.6,25.4,8.9,17.2,12.9,11.2,2,4,8.2,26
Jakob Poeltl,85,260,Big 12,7.6,11.5,7.6,11.5,0,0,4.6,7.7,11.8,2,0.7,2.5,2.7,3.5,19.8,0.658,0.659,0,0.605,0.653,0.658,0.233,5.9,3.4,9.3,28.4,13.6,21.2,17.7,10.8,1.1,6.5,15.3,23.8
Markieff Morris,81,245,Big 12,6.5,11.7,5.8,9.9,0.7,1.8,3.9,5.9,12.6,2.4,1.1,2,3.3,5.7,17.5,0.553,0.579,0.404,0.653,0.603,0.583,0.208,6.7,3.6,10.3,25.7,13,22.9,17.7,10.9,1.7,4.8,18.4,21.8
Landry Shamet,76,190,ACC,5.8,12.2,2.7,5,3.1,7.2,3.2,4,4.2,5.7,1.1,0.3,2.1,2.9,18,0.48,0.542,0.437,0.811,0.641,0.609,0.213,6.5,2.4,8.9,21,2.2,9.3,5.9,25.4,1.5,0.8,13.2,19.8
Isaiah Joe,75,165,SEC,5.7,14.6,1.5,3.5,4.2,11.2,2.9,3.5,4.1,2.1,1.8,0.2,1.8,2.3,18.5,0.39,0.429,0.378,0.827,0.569,0.534,0.139,4.9,1.7,6.6,17.7,2,9.6,5.8,10.6,2.5,0.7,9.8,22.4
Patrick Beverley,74,180,SEC,4.8,11.4,2.5,5.4,2.3,6.1,3.3,4.5,6.5,3.3,1.8,0.5,2.3,2.7,15.2,0.42,0.463,0.382,0.73,0.56,0.521,0.138,,,,,,,9.5,15.6,,0.9,14.7,19.7
James Johnson,79,240,ACC,7.7,15,6.6,11.3,1.1,3.7,3.3,4.8,11.2,2.2,1.9,1.9,3.3,4,19.8,0.515,0.587,0.296,0.693,0.575,0.551,0.219,,,,,,,15.2,9.2,,3.3,16.2,25.7
Kelly Olynyk,83,240,WCC,7.8,13.1,7.2,11.4,0.6,1.7,4.7,6.6,10.6,2.5,1.2,1.1,3.2,4.5,20.8,0.594,0.634,0.333,0.709,0.641,0.616,0.237,7.3,2.6,9.9,27,11.1,20.4,16,13.1,1.8,3.1,16.6,24.9
Kevin Durant,83,240,SEC,9.8,20.6,7.1,14.2,2.6,6.5,6.7,8.2,12.4,1.5,2.1,2.1,3.2,2.3,28.8,0.473,0.505,0.404,0.816,0.587,0.536,0.28,,,,,,,16.5,8.6,,3.5,11.4,33.2
Nickeil Alexander-Walker,77,205,ACC,6.3,13.5,3.9,7.5,2.3,6,3.2,4.1,5.3,3.7,1.8,0.7,3,2.5,18,0.464,0.529,0.383,0.763,0.582,0.549,0.159,4.1,3.1,7.3,19.7,2.5,13.4,8.3,18.7,2.8,2.4,16.1,24.6
Rodney Hood,80,208,Multiple,5.8,12.7,3.6,7.3,2.1,5.4,2.5,3.2,5.3,2.5,0.7,0.4,1.5,2.4,16.2,0.455,0.499,0.396,0.773,0.569,0.539,0.142,4.8,0.7,5.4,17.9,3.2,13,8,12.6,1.1,1,9.7,20.5
Jalen McDaniels,81,190,Pac-12,7.2,14.3,6.6,12.3,0.6,2,3.9,5.1,11.3,2.2,1.4,0.7,2.5,3.8,19,0.504,0.538,0.298,0.758,0.565,0.525,0.18,2.9,2.2,5.1,21.9,8.7,23.1,16,12.1,2,2.2,13.1,24.2
De'Andre Hunter,80,221,ACC,6.5,12.8,5.1,9.5,1.4,3.4,4.2,5.4,6.6,2.3,0.9,0.7,1.8,2.9,18.7,0.509,0.541,0.419,0.773,0.606,0.564,0.234,6.7,3.8,10.5,24,6.3,14,10.3,12.6,1.4,2.5,10.2,24.7
Jaden Ivey,76,195,Big 10,6.9,15.7,4.8,9.2,2.1,6.5,4.9,6.6,6,3.6,1.2,0.9,3,2.4,20.8,0.44,0.523,0.322,0.739,0.552,0.507,0.166,5.3,1.8,7.1,21.1,3.1,14,8.8,18.2,1.8,2.6,13.6,28.1
Trae Young,73,164,SEC,9.2,21.8,5,10.2,4.2,11.6,8.3,9.7,4.4,9.8,1.9,0.3,5.9,2,30.9,0.422,0.493,0.36,0.861,0.585,0.518,0.201,9.7,1.3,11.1,28.3,1.3,10,5.8,48.6,2.5,0.7,18.2,37.1
Terry Rozier,73,190,ACC,6.3,15.4,4.6,10.2,1.7,5.2,3.6,4.7,6.4,3.6,2.2,0.2,2.1,2.4,17.8,0.408,0.447,0.331,0.772,0.507,0.463,0.193,4.2,4.4,8.7,20.6,4,13.9,8.9,18.6,3.4,0.4,10.5,24.7
Donte DiVincenzo,76,203,Big East,5.6,11.9,3.2,5.6,2.4,6.4,2.5,3.5,6.3,3.8,1.5,0.3,2.5,2.8,16.1,0.469,0.573,0.378,0.705,0.591,0.57,0.17,4.7,3.1,7.8,18.7,5.6,13.2,9.6,16.2,2.1,0.9,15.7,20.9
Jalen Smith,81,215,Big 10,6.8,13.1,5.7,9.7,1.1,3.4,4.1,5.7,11.9,1.2,0.8,2.4,2,3,18.7,0.516,0.584,0.323,0.709,0.59,0.558,0.215,6.2,3.4,9.6,26,11.9,21.2,16.7,6.5,1.2,6.7,11.4,22.8
Kyle Anderson,81,230,Big 10,5.4,12,4.8,10.2,0.6,1.7,4,5.4,11,6.3,2.2,1,3.3,2.4,15.4,0.452,0.465,0.375,0.736,0.531,0.479,0.167,4.8,4.4,9.2,22.6,6.1,25.3,15.9,28,3.2,2.8,18.4,22.2
John Collins,81,226,ACC,9.5,15.8,9.5,15.8,0,0,6.9,9.5,13.5,0.7,0.9,2.3,2.7,5.4,26,0.601,0.602,0,0.729,0.638,0.601,0.215,6.7,0.7,7.4,31.2,15.2,22.6,18.9,4.1,1.3,6,11.9,27.8
Gorgui Dieng,82,252,ACC,4.8,8.9,4.8,8.8,0,0,2.5,3.9,11.5,1.8,1.5,3.8,2.4,4,12.2,0.545,0.546,0.333,0.64,0.568,0.546,0.19,2.9,6.3,9.2,22,12.4,20.9,16.6,9,2.2,10.6,18.1,16.4
Brook Lopez,85,282,ACC,8.7,18.2,8.6,17.6,0.1,0.6,5.3,7,10.2,1.5,0.7,2.7,3,3.7,22.9,0.48,0.491,0.143,0.764,0.532,0.482,0.213,,,,,,,14.6,9.7,,4.9,12.3,31.4
Terrence Ross,78,206,Big 10,7.5,16.7,4.8,9.1,2.8,7.6,2.3,3,7.6,2,1.5,1.1,2.2,4,20.2,0.453,0.528,0.364,0.764,0.557,0.536,0.176,4.8,2.6,7.5,21.1,4.9,16.8,10.6,9.4,2.1,2.6,11,23.8
Davion Mitchell,73,202,Multiple,4.8,10.5,3.1,5.9,1.8,4.7,1.8,2.8,3.1,5.4,1.9,0.4,2.8,3.6,13.2,0.459,0.525,0.376,0.657,0.559,0.542,0.148,2.2,3.4,5.6,15.3,1.5,7.7,4.5,23.5,2.7,1,19.1,18
Thomas Bryant,82,248,Big 10,7,11.8,6.3,10.1,0.6,1.7,4.7,6.5,9.8,1.9,1,1.9,3.1,4.7,19.3,0.592,0.63,0.373,0.718,0.648,0.619,0.188,4.5,2.4,6.8,23.9,10.4,18,14.4,9,1.4,5,17.3,22.1
Johnny Davis,74,170,Big 10,6.5,15.2,5.4,11.7,1.1,3.5,4.1,5.3,8.5,2.2,1.5,0.9,2.3,2.8,18.3,0.431,0.462,0.325,0.779,0.518,0.468,0.146,3.7,3.5,7.2,20.3,4.7,20.1,12.2,12.5,2.3,2.4,11.6,26.4
Tre Jones,73,185,ACC,5.2,12.4,4,8.7,1.2,3.7,2.7,3.6,4.6,6.7,2.1,0.3,2.3,1.9,14.3,0.419,0.464,0.313,0.767,0.507,0.466,0.168,3.6,3.7,7.3,18,2.5,9.5,6.1,27.4,2.9,0.7,14.1,19.2
Chris Duarte,77,190,Big 10,6.6,14,4.1,7.4,2.5,6.6,2.9,3.6,6.4,2.7,2.2,0.8,2.4,1.9,18.6,0.473,0.555,0.38,0.803,0.593,0.562,0.19,6.8,3.1,9.9,23.9,4.4,15.1,9.9,13.2,3.4,2.5,13.1,23.8
Saddiq Bey,79,215,Big East,5.4,11.4,3,5.7,2.4,5.8,1.9,2.6,6.2,2.3,1,0.5,1.4,2.9,15,0.469,0.522,0.418,0.728,0.594,0.575,0.161,4.9,1.9,6.8,18.6,6.4,11.8,9.1,11.7,1.6,1.2,10,18.5
Jericho Sims,82,250,SEC,5.3,8.3,5.3,8.3,0,0,2.3,4.4,10.5,0.8,0.8,1.5,2.3,4.2,12.9,0.639,0.64,0,0.524,0.621,0.639,0.148,1.7,3,4.6,18.3,10,20.3,15.2,4.2,1.2,4,17.9,16.4
Isaiah Roby,80,230,Big 10,4.8,10.1,4,7.6,0.8,2.5,3.1,4.3,9.1,2.5,1.4,2.7,2.7,4.7,13.6,0.476,0.523,0.336,0.702,0.555,0.518,0.134,1.8,4,5.9,18.6,7.3,17.6,12.5,12.2,2,6.7,17.9,18.9
Kevin Huerter,79,198,Big 10,5.3,11.3,2.6,4.6,2.7,6.8,1.8,2.5,6.3,3.8,1,0.8,2.4,2.6,15,0.466,0.572,0.394,0.748,0.603,0.584,0.15,5,2.7,7.7,17.7,3.2,14.3,9.1,19.1,1.5,2.2,16.3,19.3
Nick Richards,85,245,SEC,5.9,9.4,5.9,9.4,0,0,4.4,6,11,0.5,0.2,3.1,2.1,5.2,16.2,0.627,0.627,,0.728,0.66,0.627,0.201,3.4,3.1,6.5,23,12.8,18.7,16,2.3,0.3,8.7,14.7,18.2
Bruno Fernando,81,240,Big 10,6.9,11.6,6.8,11.3,0.1,0.3,4.3,5.7,13.2,2.1,0.8,2.4,3.5,4.2,18.2,0.595,0.603,0.308,0.763,0.638,0.599,0.197,3.8,4.3,8.1,25.1,10.8,26.3,19.1,11.4,1.2,6.6,19.7,23.1
Donovan Mitchell,75,215,ACC,6.3,15,4,8,2.3,7.1,3.1,3.9,6.4,3.4,2.2,0.5,2,3.9,18,0.418,0.497,0.329,0.788,0.532,0.495,0.194,4.6,5.1,9.7,20.5,4.7,13.2,8.9,15.9,3.3,1.3,10.8,23.3
Miles McBride,73,195,Big 12,6.2,14.7,4.5,10.2,1.7,4.5,4,5.1,4.4,4.7,2.1,0.6,2.2,2.5,18,0.419,0.442,0.368,0.785,0.525,0.476,0.181,5.3,3.8,9.1,20.6,3.2,9.3,6.1,23.9,3.1,1.7,11.6,23
Jordan Hawkins,77,190,Big East,6.2,15.7,2.6,6,3.7,9.8,4.2,4.9,5.2,1.6,0.9,0.8,2,3,20.4,0.396,0.428,0.376,0.872,0.564,0.512,0.183,4.9,1.6,6.4,18.1,3.8,10.9,7.4,7.8,1.4,2,10.2,24.7
Malik Monk,75,200,SEC,8.2,18.3,4.8,9.7,3.4,8.6,4.9,5.9,3.1,2.9,1.2,0.6,2.5,2.4,24.8,0.45,0.497,0.397,0.822,0.586,0.543,0.189,6.5,2.5,9,21.5,1.1,7.3,4.2,13.3,1.6,1.5,10.4,27.2
Zion Williamson,78,284,ACC,12,17.6,11,14.7,1,2.9,5.3,8.2,11.8,2.7,2.8,2.4,3.2,2.7,30.1,0.68,0.747,0.338,0.64,0.702,0.708,0.335,13.4,6.7,20.1,40.8,12.7,18,15.5,14.9,3.9,5.8,12.8,28.6
Tari Eason,80,215,Multiple,8.2,16.2,7.1,12.8,1.1,3.4,5.7,7.5,11.3,2,2.9,2.1,3.9,4.8,23.1,0.504,0.551,0.327,0.757,0.585,0.538,0.222,5.6,4.8,10.4,28,11.3,20.5,15.9,11.6,4.1,6.5,16.5,28.8
Jamal Murray,76,215,SEC,7.7,17,4.1,8.2,3.6,8.7,3.8,4.8,5.9,2.5,1.1,0.3,2.7,2.4,22.7,0.454,0.502,0.408,0.783,0.59,0.559,0.193,8.1,1.4,9.5,22.7,4.9,11.2,8.2,12.1,1.6,0.9,12.1,27.3
Jeremiah Robinson-Earl,80,240,Big East,5.7,12,4.8,8.9,0.9,3.1,3,3.9,10.7,2.5,1.3,0.7,2.3,2.7,15.3,0.478,0.54,0.301,0.768,0.556,0.517,0.167,3.8,2.6,6.4,20.5,8.9,22.4,15.7,12.3,1.9,1.9,14.3,21.3
LaMarcus Aldridge,83,250,SEC,6.9,11.8,6.9,11.8,0,0,4,6.2,10.8,0.8,1.7,2.4,2.2,3.5,17.8,0.586,0.586,,0.649,0.605,0.586,0.28,,,,,,,15.3,4.3,,4.2,12.9,20.9
Chuma Okeke,79,229,SEC,5.7,11.7,3.7,6.8,1.9,5,2.2,3.2,9.9,2.4,2,1.5,2,3,15.5,0.481,0.55,0.389,0.703,0.584,0.564,0.184,5.9,3.4,9.3,22.1,10.5,17.8,14,11.3,2.8,4.9,13.3,18.5
Semi Ojeleye,78,240,Multiple,6.6,13.8,4.2,8,2.4,5.8,5.6,7.1,8,1.7,0.7,0.5,1.6,2.4,21.3,0.479,0.526,0.415,0.785,0.618,0.567,0.248,7.6,1.2,8.7,25.5,8.4,15.1,11.9,8.7,1,1.7,8.7,24.9
Jordan Poole,76,194,Big 10,5.6,12.8,2.8,5.5,2.7,7.3,2.8,3.3,3.8,2.4,1.4,0.3,1.9,2.7,16.6,0.434,0.519,0.37,0.831,0.576,0.54,0.162,3.1,4.1,7.2,16.9,0.8,10.2,5.6,11.9,2.2,0.9,11.8,22.2
Deandre Ayton,85,252,Big 12,9.4,15.4,9,14.2,0.4,1.2,4.8,6.5,13.8,1.9,0.7,2.3,2.4,2.8,24,0.612,0.635,0.343,0.733,0.65,0.625,0.259,8.6,2.4,11,32.6,13.5,28.2,21.4,10.2,1,6.1,11.3,26.6
Brandon Miller,79,200,SEC,7.4,17.1,3.8,7.9,3.5,9.1,4.8,5.6,10.1,2.5,1.1,1.1,2.7,2.9,23,0.43,0.483,0.384,0.859,0.583,0.533,0.23,7.8,4.3,12,23.4,6.7,17.7,12.6,12.9,1.5,2.4,12,26.2
Marvin Bagley III,82,235,ACC,9.7,15.7,8.8,13.7,0.8,2.1,4.7,7.5,13.1,1.8,1,1,2.7,2.1,24.8,0.614,0.647,0.397,0.627,0.643,0.64,0.248,8.8,2,10.8,30.6,13.8,21.5,17.9,8.8,1.4,2.6,12.2,26.3
Jabari Walker,79,237,Big 12,7.1,14.8,5.3,10.2,1.8,4.6,5,6.4,13,1.7,1.1,1,3.2,4.3,21,0.479,0.515,0.399,0.783,0.589,0.541,0.201,4.2,2.2,6.4,24.1,9.6,28.3,19.3,9.3,1.6,2.9,15.2,27.1
Kevin Love,80,251,Big 10,7.9,14,6.9,11.2,1,2.8,6.9,8.9,14.4,2.6,0.9,1.9,2.7,2.5,23.6,0.559,0.611,0.354,0.767,0.644,0.595,0.391,,,,,,,22.1,14.1,,3.6,12.9,27
Aaron Nesmith,78,215,SEC,6.1,13.9,2.8,5.8,3.3,8.1,3.3,4,6.9,1.6,1.2,0.8,2.1,3.8,18.9,0.442,0.485,0.41,0.825,0.598,0.561,0.14,4.5,1.1,5.6,19.8,3.6,16.1,9.8,9.4,1.7,2.2,11.7,22.7
D'Angelo Russell,75,193,Big 10,7.8,17.3,4.6,9.6,3.2,7.8,4,5.3,6.7,5.9,1.9,0.4,3.4,2.5,22.7,0.449,0.479,0.411,0.756,0.573,0.541,0.229,8.6,3.3,11.9,26.6,3.6,15.4,9.8,30.1,2.8,1.1,14.8,30.2
Immanuel Quickley,74,190,SEC,4.6,11.5,2.4,5.9,2.2,5.6,4.7,5.3,4.6,2.4,1,0.1,1.9,2.7,16.1,0.403,0.409,0.397,0.895,0.578,0.499,0.16,3.5,2.4,5.8,16.4,1.4,11.2,6.7,11.3,1.5,0.3,12.2,20.3
Paolo Banchero,82,250,ACC,7.6,16,6.3,11.9,1.4,4,4.3,5.8,9.5,3.9,1.3,1.1,2.9,2.3,20.9,0.478,0.525,0.338,0.729,0.557,0.52,0.191,5.4,2.3,7.7,24.2,6.4,19.1,13.2,17.5,1.9,2.7,13.3,27.5
Edmond Sumner,76,196,Big East,5.3,12.4,4.4,9,1,3.4,5.6,7.7,5.2,5.8,1.8,0.6,3.3,3.4,17.2,0.429,0.483,0.285,0.73,0.536,0.468,0.143,3.3,3.5,6.8,18.2,2.2,12.5,7.4,27.4,2.5,1.7,17.1,23.5
Franz Wagner,82,220,Big 10,5.5,11.9,3.7,6.4,1.8,5.4,2.6,3.1,7.8,2.6,1.6,1,1.8,3,15.4,0.465,0.583,0.325,0.835,0.577,0.539,0.174,4.4,5,9.4,19.5,3.2,18.3,11.2,11.8,2.3,2.5,11.7,19.7
Brandin Podziemski,76,205,Multiple,7.5,15.7,4.8,9.2,2.8,6.5,3.7,4.8,9.7,4,1.9,0.5,2.5,2.2,21.6,0.48,0.52,0.424,0.77,0.599,0.568,0.209,7.4,2.7,10,25.6,5.5,21.5,13.6,20.1,2.7,1.3,12.3,25.1
Rajon Rondo,73,180,SEC,5.2,10.6,4.6,8.5,0.6,2.1,2.7,4.7,6.4,6,3.3,0.3,3.1,2.8,13.7,0.493,0.544,0.283,0.577,0.536,0.521,0.163,,,,,,,9.3,28.9,,0.5,19.5,20.1
Ben Simmons,82,240,SEC,7.5,13.4,7.5,13.3,0,0.1,6.9,10.3,13.5,5.5,2.3,0.9,3.9,3.2,22,0.56,0.561,0.333,0.67,0.6,0.561,0.207,7,3.3,10.3,29,9.6,26.8,18.2,27.4,3.1,2.5,17.4,26.4
Collin Sexton,75,190,SEC,7.9,17.8,6.2,12.4,1.8,5.3,7.9,10.2,5,4.8,1.1,0.1,3.7,3.3,25.6,0.447,0.495,0.336,0.778,0.567,0.498,0.177,5.8,1.1,6.9,23.5,4.1,9.8,7,27.8,1.6,0.3,14.2,32.9
Brandon Ingram,80,190,ACC,6.9,15.5,4.3,9.3,2.6,6.3,3.7,5.5,7.8,2.3,1.3,1.6,2.3,2.4,20,0.442,0.464,0.41,0.682,0.552,0.525,0.157,6,2,8,22.5,6,15.5,10.8,11.4,1.9,3.6,11.3,25.5
Russell Westbrook,76,200,Big 10,5.6,12.1,4.7,9.7,0.9,2.4,3,4.4,4.4,4.7,1.9,0.2,2.9,3.1,15.1,0.464,0.491,0.354,0.685,0.532,0.499,0.15,,,,,,,7.1,24.4,,0.4,17.2,21.8
John Wall,75,210,SEC,6.3,13.6,5.1,10.1,1.1,3.5,5.4,7.2,4.9,7.5,2,0.6,4.6,2.2,19.1,0.461,0.509,0.325,0.754,0.562,0.503,0.196,,,,22.3,2.7,10.1,6.6,34.8,2.9,1.5,21.4,25.7
Derrick White,76,190,Big 12,7.3,14.5,5.3,9.3,2,5.2,5.3,6.5,5,5.3,1.5,1.8,2.9,2.6,22,0.507,0.569,0.396,0.813,0.627,0.578,0.211,9,3.4,12.4,27.3,3.5,10.5,7,28.6,2.2,4.9,14.2,25.3
Anthony Edwards,76,225,SEC,7.7,19.1,5,9.8,2.7,9.3,5,6.5,6.3,3.4,1.6,0.7,3.3,2.6,23.1,0.402,0.504,0.294,0.772,0.52,0.473,0.136,4.8,0.7,5.5,20.8,2.5,14.8,8.7,17.9,2.3,1.7,12.9,30.4
Bruce Brown,76,202,ACC,5,11.3,3.9,7.7,1.2,3.7,3.2,4.5,7.6,4.3,1.7,0.8,2.6,3,14.3,0.442,0.502,0.316,0.702,0.532,0.493,0.15,3,4.1,7.1,19,5.2,17.1,11.2,20.9,2.7,2.2,16.2,21
Mark Williams,85,240,ACC,8.2,11.7,8.2,11.7,0,0,2.5,3.7,12.3,1.6,1,4.5,1.8,3.6,18.9,0.704,0.706,0,0.661,0.703,0.704,0.256,7.3,4.5,11.8,32.3,13.6,20.9,17.4,7.8,1.5,10.9,11.6,19.2
De'Aaron Fox,75,185,SEC,8,16.8,7.4,14.2,0.6,2.6,5.9,8,5.4,6.2,2,0.3,3.3,3.4,22.6,0.479,0.521,0.246,0.736,0.549,0.498,0.192,4.3,3.9,8.2,22.7,2.1,12.2,7.2,28.6,2.7,0.7,13.7,27.5
Robin Lopez,85,281,ACC,5.8,11.4,5.8,11.3,0,0,3.1,5.1,9.2,1.3,0.6,3.8,2.7,4.1,14.8,0.511,0.511,0.5,0.612,0.535,0.512,0.201,,,,,,,13.3,6.6,,6.9,16.3,21.1
Julius Randle,81,250,SEC,6.4,12.7,6.3,12.1,0.1,0.6,6.6,9.4,13.5,1.8,0.6,1,3.3,3,19.4,0.501,0.517,0.167,0.706,0.567,0.505,0.191,5.4,2.1,7.5,24.5,13.3,24.7,19.2,10,1,2.6,16.1,25.4
Andrew Wiggins,79,197,Big 12,6.6,14.7,5.1,10.3,1.5,4.4,6.1,7.9,7.1,1.9,1.4,1.2,2.8,3.3,20.8,0.448,0.493,0.341,0.775,0.563,0.499,0.17,5.7,2.6,8.3,21.4,8.4,12.3,10.4,9.2,2.1,3.1,13.1,26.3
Derrick Rose,74,200,ACC,7.1,14.9,5.9,11.4,1.2,3.6,5,7,6.2,6.5,1.6,0.5,3.7,2.3,20.4,0.477,0.521,0.337,0.712,0.56,0.517,0.226,,,,,,,8.3,30.4,,0.9,16.7,26
Ben McLemore,75,195,Big 12,6.6,13.4,4.2,7.6,2.5,5.8,4,4.6,6.4,2.5,1.2,0.8,2.6,2.3,19.8,0.495,0.553,0.42,0.87,0.633,0.586,0.217,7.2,3.4,10.5,23.2,5,13.2,9.4,12.6,1.8,2.2,14.2,23.2
Alex Len,85,250,Big 10,6.1,11.4,6.1,11.1,0,0.2,3.6,5.4,11.3,1.4,0.3,3.4,2.5,4.2,15.9,0.538,0.548,0.111,0.663,0.569,0.539,0.165,2.2,3.2,5.5,22.1,11.8,21.2,16.5,7.2,0.5,8.6,15.4,20.7
Dennis Smith Jr.,75,205,ACC,6.9,15.1,4.9,9.6,2,5.5,5.1,7.2,5.2,7.1,2.2,0.5,3.9,2.4,20.8,0.455,0.509,0.359,0.715,0.563,0.52,0.142,5.4,1.1,6.5,23.1,2.7,11.5,7.3,34.2,3.1,1.2,17.3,27.2
Markelle Fultz,76,209,Big 10,9.4,19.7,7,14,2.3,5.7,4.9,7.5,6.4,6.6,1.8,1.3,3.6,2.8,26,0.476,0.502,0.413,0.649,0.558,0.535,0.173,7.7,1.7,9.4,28,4,13.9,8.9,35.5,2.5,3.1,13.4,31.4
Lauri Markkanen,85,240,Big 12,6.5,13.2,4.1,7.5,2.4,5.7,4.8,5.8,9.3,1.1,0.5,0.7,1.4,2.6,20.2,0.492,0.545,0.423,0.835,0.635,0.584,0.235,7.9,1.5,9.4,25,10,17.5,14,5.6,0.8,1.8,8.1,22.5
DeMarcus Cousins,82,270,SEC,9.2,16.5,9.2,16.3,0,0.3,7.3,12,16.8,1.7,1.7,3,3.5,5.5,25.8,0.558,0.565,0.167,0.604,0.579,0.56,0.29,,,,34.2,19.8,24.8,22.5,9.2,2.4,7.5,13.6,30.5
JaVale McGee,85,270,MWC,7.6,14,7.1,12.6,0.5,1.5,2.9,5.7,10.2,0.7,1,4,3.4,4.4,18.6,0.542,0.563,0.356,0.514,0.557,0.56,0.183,,,,,,,14.5,3.9,,6.5,16.9,25.1
Tyrese Haliburton,77,185,Big 12,4.2,8.3,2.2,3.5,2.1,4.8,1.1,1.4,5.1,5.4,2.2,0.9,1.8,1.5,11.7,0.509,0.621,0.426,0.775,0.645,0.631,0.164,5.8,4.1,9.9,20.3,3.5,10.8,7.2,24.7,3.2,2.5,16.7,13.6
Josh Jackson,80,207,Big 12,8.2,15.9,6.9,12.6,1.3,3.3,3.6,6.4,9.6,3.9,2.2,1.4,3.6,3.9,21.2,0.513,0.549,0.378,0.566,0.559,0.552,0.18,5.7,4.2,9.9,24.2,8.7,17.5,13.3,18.2,3.1,3.5,15.9,27.2
Anthony Davis,82,253,SEC,6.6,10.5,6.5,9.9,0.1,0.6,4.5,6.3,13,1.6,1.7,5.8,1.3,2.4,17.7,0.623,0.653,0.15,0.709,0.654,0.628,0.31,9.1,8.1,17.2,35.1,11.6,25.6,19,7.5,2.5,13.7,8.6,18.8
Coby White,77,195,ACC,7.5,17.8,4.2,8.5,3.3,9.3,4.2,5.2,5,5.7,1.5,0.4,3.7,2.7,22.5,0.423,0.5,0.353,0.8,0.556,0.516,0.165,5.2,2.8,8,19.2,1.3,11.3,6.4,24.4,2,1.3,15.5,26.8
Dejounte Murray,76,180,Big 10,7.1,17.1,5.9,12.9,1.2,4.1,3.9,5.8,7.1,5.3,2.2,0.4,3.9,3.2,19.2,0.416,0.457,0.288,0.663,0.485,0.451,0.099,1.9,1.8,3.6,16.8,4.1,13.7,8.8,25.6,2.8,0.8,16.3,25.8
Bradley Beal,76,207,SEC,5.5,12.4,3.5,6.5,2,5.9,4.2,5.5,7.9,2.6,1.6,1,2.5,2.4,17.2,0.445,0.541,0.339,0.769,0.575,0.525,0.18,5.4,2.9,8.4,22,4.8,20.3,12.3,12.7,2.5,2.6,14.3,23
Cade Cunningham,78,220,Big 12,7.3,16.7,4.7,10.3,2.6,6.5,5.5,6.5,7,3.9,1.8,0.9,4.6,2.8,22.8,0.438,0.461,0.4,0.846,0.574,0.515,0.166,5.1,3.2,8.3,21.6,2.3,16.3,9.6,20.4,2.5,2.3,18.7,29.1
Isaiah Stewart,80,250,Big 10,7.4,13.1,7.3,12.3,0.2,0.8,6,7.7,10.9,1,0.7,2.6,2.8,3.3,21.1,0.57,0.59,0.25,0.774,0.629,0.577,0.222,5,2.4,7.4,26.9,10.7,19.5,15.5,6.3,0.9,7,14.1,24.5
Kyle Lowry,73,196,Big East,4.8,10.6,4.4,9.5,0.3,1,4.4,6,5.7,4.5,2.8,0.3,2.9,3.9,14.3,0.449,0.463,0.325,0.737,0.531,0.465,0.171,,,,,,,8.3,25.9,,0.6,17.7,20.4
Jerami Grant,79,210,ACC,4.7,9.8,4.6,9.3,0.2,0.5,4.1,6.4,8.5,1.6,1.1,0.9,1.6,3.3,13.7,0.486,0.496,0.3,0.641,0.536,0.494,0.168,2.8,2.8,5.6,19.2,9,16.5,12.6,8.1,1.8,3,11.1,19.1
Evan Mobley,83,215,Big 10,7,12.2,6.6,10.8,0.4,1.4,4.8,6.9,10.2,2.8,0.9,3.4,2.6,2.1,19.3,0.578,0.615,0.3,0.694,0.624,0.595,0.248,7.9,5.8,13.7,29.1,9.6,18.9,14.5,14.1,1.4,8.8,14.6,22.8
Tre Mann,75,178,SEC,5.9,13.9,3.8,8,2.1,5.9,2.9,3.7,5.9,3.2,1.5,0.2,3.1,3.4,16.7,0.422,0.477,0.349,0.788,0.534,0.497,0.12,2,1.9,3.9,15.8,2.3,14.4,8.7,16.1,2.2,0.4,16.5,23.9
Moses Moody,77,211,SEC,6.1,14.3,4,8.3,2.1,6,5.6,6.9,6.8,1.9,1.2,0.8,1.9,2.7,19.9,0.427,0.478,0.358,0.812,0.568,0.503,0.193,5.2,2.3,7.4,20.4,6.3,11.8,9,8.2,1.6,2,9.9,22.3
Gary Trent Jr.,77,204,ACC,5.7,13.6,2.6,5.9,3.1,7.7,2.7,3.1,5,1.7,1.4,0.2,1.2,2,17.1,0.415,0.43,0.402,0.876,0.567,0.528,0.163,4.4,2.6,7,16.7,2.9,10.3,6.8,6.8,1.9,0.4,7.4,19.5
Shai Gilgeous-Alexander,78,195,SEC,5.9,12.1,5.1,10.3,0.7,1.8,4.6,5.6,4.9,6.1,2,0.6,3.2,2,17.1,0.485,0.5,0.404,0.817,0.578,0.516,0.167,5.3,3.7,9,21.2,3.2,10,6.8,28.8,2.8,1.7,17.9,21.9
Devin Vassell,77,200,ACC,6.4,13.6,4.1,8.1,2.3,5.5,2.2,3.1,6.7,2.3,2,1.3,1.2,2.9,17.4,0.475,0.514,0.417,0.72,0.579,0.559,0.208,6.4,4.5,10.9,22.7,5,14.5,9.8,11.4,2.8,3.9,7.1,20
Malik Beasley,76,187,ACC,7.3,15.5,5.1,9.9,2.2,5.6,4.1,5,7.1,2,1.3,0.2,2.3,3,20.9,0.471,0.518,0.387,0.813,0.583,0.541,0.158,5.2,1,6.2,20.8,5,15.1,10.1,9.8,1.8,0.6,11.5,24.2
Romeo Langford,77,216,Big 10,6.5,14.5,5.2,9.9,1.2,4.6,5.1,7.1,6.3,2.8,0.9,1,2.5,2.2,19.4,0.448,0.53,0.272,0.722,0.542,0.491,0.148,4.6,1.9,6.5,19.9,4.8,12.8,8.9,14.2,1.3,2.7,12.2,26.1
Austin Rivers,76,200,ACC,6.2,14.2,4.1,8.6,2.1,5.6,4.3,6.5,4.1,2.5,1.2,0,2.8,2.7,18.7,0.433,0.477,0.365,0.658,0.538,0.505,0.124,3.2,0.8,4,16.9,2.2,10,6,13,1.7,0.1,13.9,25.2
Lonzo Ball,78,190,Big 10,6,10.9,3.5,4.7,2.5,6.1,2.1,3.1,6.8,8.7,2.1,0.9,2.8,2.1,16.6,0.551,0.732,0.412,0.673,0.673,0.668,0.214,8.1,3.9,12,24.7,3.2,14.3,9.3,31.4,2.8,2.1,18.6,18.1
Stanley Johnson,78,242,Big 12,6.4,14.4,4.8,10.1,1.6,4.3,4.9,6.6,9.1,2.3,2.1,0.6,3,3.7,19.4,0.446,0.478,0.371,0.742,0.551,0.501,0.212,5,4.4,9.4,22.5,8.9,19.1,14.1,11.6,3.2,1.6,14.7,26.6
Bryce McGowens,78,190,Big 10,6.2,15.4,4.7,9.7,1.6,5.7,6.3,7.6,6.2,1.7,0.9,0.4,2.5,2.4,20.2,0.403,0.478,0.274,0.831,0.533,0.453,0.086,2.3,-1,1.3,16.9,2.4,14.6,8.7,8.6,1.2,1,11.7,27.2
Tobias Harris,80,226,SEC,7.5,16.2,6.5,13.1,0.9,3.1,5.2,6.8,9.9,1.8,1,1.2,2.5,2.8,21,0.46,0.497,0.303,0.753,0.54,0.489,0.177,5.5,1.8,7.3,23.8,7.5,20.6,14,10.4,1.4,3.4,11.4,27.2
Tyler Herro,77,195,SEC,6.2,13.4,4.2,7.8,2,5.6,2.9,3.1,5.5,3,1.3,0.4,2,1.6,17.2,0.462,0.538,0.355,0.935,0.58,0.536,0.181,5.1,3.8,8.9,19.4,1.6,13.9,8.2,15,2,1.1,11.8,21.4
Walker Kessler,85,245,Multiple,7.6,12.7,7.3,10.8,0.4,1.9,2.7,4.6,13.1,1.4,1.8,6.4,1.9,4.4,18.3,0.601,0.671,0.204,0.577,0.615,0.616,0.249,6.1,7.4,13.4,31.4,12.6,21.9,17.3,7,2.6,17.2,11.2,19.8
Zeke Nnaji,81,240,Big 12,7.3,12.8,7.1,12.1,0.2,0.7,6.2,8.2,11.3,1.1,0.9,1.1,2.9,3.1,21,0.57,0.586,0.294,0.76,0.63,0.578,0.229,5.6,2.3,8,25.7,11.5,20.3,15.9,5.8,1.3,3.3,14.6,24.1
Santi Aldama,85,215,Patriot League,8.7,17.6,6.7,11.1,2,6.5,3.4,5.3,11,2.7,1.2,2,3.5,2.4,22.8,0.495,0.606,0.306,0.639,0.567,0.552,0.171,4.4,0.9,5.3,25.8,6,26,16.1,15.5,1.7,5.8,14.7,29.7
Gradey Dick,78,200,Big 12,5.9,13.4,3.1,6.4,2.8,7,2.6,3,6.3,2,1.8,0.3,1.5,2.6,17.2,0.442,0.484,0.403,0.854,0.581,0.547,0.165,4.9,2.9,7.7,18.4,4,13.5,8.9,9.4,2.5,0.8,9.4,20.5
Keyonte George,76,185,Big 12,6.6,17.5,3.3,7.8,3.3,9.7,5,6.4,5.8,3.9,1.6,0.3,4,3,21.4,0.376,0.424,0.338,0.793,0.524,0.47,0.125,4.5,1.1,5.6,17.8,4.2,13.6,8.8,20.1,2.3,0.7,16.4,30.8
Blake Wesley,75,185,ACC,6.9,17.2,4.8,10.2,2.1,6.9,3.7,5.6,5,3.3,1.7,0.1,3,2.6,19.6,0.404,0.471,0.303,0.657,0.495,0.465,0.098,0.5,0.8,1.3,16.9,3,11.6,7.5,17.4,2.6,0.2,13.1,31.3
Wendell Carter Jr.,82,270,ACC,7.2,12.8,6.4,11,0.8,1.8,5,6.7,13.4,3,1.2,3,3,4.2,20.1,0.561,0.586,0.413,0.738,0.628,0.591,0.239,6.3,5.1,11.4,28.2,12.8,23.2,18.4,13,1.7,7.6,15.8,22.8
Jaylin Williams,81,240,SEC,4.4,9.5,3.8,7.1,0.6,2.4,3.2,4.3,12.2,2.9,1.5,1.5,2.3,3.7,12.6,0.464,0.534,0.255,0.731,0.544,0.496,0.16,2,5,7,17.6,5.8,27.9,16.8,13.3,2.1,4.1,16.6,16.6
Jaylen Brown,78,223,ACC,6.9,16.1,5.7,11.8,1.3,4.3,6,9.2,7.8,2.9,1.2,0.9,4.5,4.6,21.2,0.431,0.482,0.294,0.654,0.518,0.471,0.117,1.1,2.5,3.6,17.6,4.4,16.6,10.8,15.3,1.7,2.2,17.9,31.4
Keldon Johnson,77,220,SEC,6.1,13.1,4.5,9,1.6,4.2,3.8,5.5,7.6,2.1,1,0.2,2.1,2.9,17.5,0.461,0.498,0.381,0.703,0.558,0.521,0.171,4.1,2.6,6.7,18.5,5.5,16.5,11.3,10.4,1.5,0.6,11.8,22.7
Maurice Harkless,79,220,Big East,6.7,14.8,6.1,12.1,0.6,2.7,3.3,4.8,9.6,1.6,1.8,1.6,2.8,2.6,17.2,0.452,0.506,0.215,0.676,0.504,0.472,0.109,3,1,4,21.1,8.4,20.3,14,9.6,2.6,4.2,14,24.9
Bam Adebayo,81,255,SEC,5.9,9.9,5.9,9.9,0,0,5.4,8.2,10.6,1.1,0.9,2,2.2,3.5,17.3,0.599,0.599,,0.653,0.624,0.599,0.196,4.5,3.6,8.2,22,11.1,17.3,14.2,4.7,1.2,4.9,13.9,18.5
GG Jackson II,81,210,SEC,6.9,18.1,4.8,11.4,2.2,6.7,3.3,4.9,7.4,1.1,0.9,1,3.4,1.9,19.3,0.384,0.419,0.324,0.677,0.474,0.444,0.04,1.2,-1.3,-0.1,14.9,5.4,17,10.9,6.6,1.4,2.8,14.2,30.8
Justise Winslow,78,222,ACC,6.1,12.5,4.5,8.7,1.6,3.9,3.5,5.5,8.9,2.9,1.8,1.2,2.5,3.8,17.3,0.486,0.516,0.418,0.641,0.572,0.551,0.196,5.3,4.6,10,22.3,5.4,19.8,13.1,13.2,2.8,2.9,14.2,22.9
Precious Achiuwa,80,243,ACC,7.7,15.7,7.2,14,0.6,1.7,4.8,7.9,14.2,1.3,1.4,2.5,3.7,3.1,20.7,0.493,0.514,0.325,0.599,0.534,0.511,0.187,2.5,3.4,5.8,23.3,11.4,24.6,18.6,7.5,2,6.4,16,27.7
Jayson Tatum,80,210,ACC,6.8,15.1,5.2,10.3,1.7,4.8,4.9,5.8,8.8,2.6,1.6,1.4,3.1,3.6,20.2,0.452,0.504,0.342,0.849,0.566,0.507,0.169,4.6,3.2,7.9,22,4.8,19.7,12.6,12.4,2.3,3.2,15,26.2
Cam Reddish,79,217,ACC,5.8,16.2,2.4,6.2,3.3,10,3.3,4.3,5,2.6,2.1,0.8,3.6,3.2,18.1,0.356,0.394,0.333,0.772,0.499,0.459,0.113,1.3,3.2,4.5,13.6,2,10.7,6.5,10.7,2.9,1.9,16.5,25.3
DeMar DeRozan,78,220,Big 10,6.6,12.6,6.4,11.3,0.2,1.2,3.3,5,6.9,1.7,1.1,0.4,2.5,2.5,16.6,0.523,0.562,0.167,0.646,0.555,0.531,0.14,,,,,,,,,,,14.3,
Tristan Thompson,81,254,SEC,6.2,11.4,6.2,11.4,0,0,4.6,9.5,10.2,1.6,1.2,3.1,2.3,3.6,17.1,0.546,0.546,,0.487,0.536,0.546,0.2,4.4,4.5,8.9,24.2,14,13.7,13.8,8.1,1.8,7.2,12.7,22.4
Aaron Gordon,80,235,Big 12,6.4,12.9,5.8,11.4,0.5,1.5,2.6,6.1,10.2,2.5,1.1,1.3,1.9,3,15.8,0.495,0.513,0.356,0.422,0.503,0.516,0.183,3.7,4.7,8.4,20.4,10.4,19.3,14.9,13,1.8,3.4,10.5,23.2
Tyus Jones,73,196,ACC,4.1,9.8,2.7,6.1,1.4,3.8,4.4,4.9,4.1,6.6,1.8,0.1,2.3,1.4,13.9,0.417,0.44,0.379,0.889,0.575,0.489,0.196,6,3.3,9.3,20.4,1.8,9.9,6.1,27.5,2.7,0.2,15.9,18.7
Anthony Black,79,200,SEC,4.7,10.5,3.9,7.5,0.9,3,4.3,6.1,5.8,4.5,2.4,0.7,3.5,3,14.7,0.453,0.513,0.301,0.705,0.549,0.495,0.133,2.8,3.9,6.7,17.2,4.3,12.6,8.5,20.6,3.4,1.8,20.6,20.9
Onyeka Okongwu,82,240,Big 10,8.2,13.2,8.1,13.1,0,0.2,4.8,6.7,11.3,1.4,1.6,3.5,2.6,3.5,21.2,0.616,0.621,0.25,0.72,0.645,0.618,0.251,6.7,4.9,11.6,31.1,12.4,18.4,15.5,8.4,2.3,9.8,13.7,23.6
Chet Holmgren,85,208,WCC,7.9,13,6,8.1,1.9,4.9,3.3,4.6,14.7,2.8,1.2,5.4,2.8,3.9,21,0.607,0.737,0.39,0.717,0.691,0.68,0.294,7.5,7.5,15,31.3,8,28.7,19.6,11.4,1.6,12.6,15.7,21.6
Derrick Favors,81,265,ACC,7.2,11.9,7.2,11.8,0,0,3.6,5.8,12.3,1.5,1.3,3,3.6,3.8,18.1,0.611,0.613,0,0.629,0.621,0.611,0.195,,,,24.5,12.6,19.9,16.5,7.9,1.8,7.9,20,21.8
Hassan Whiteside,84,265,Sun Belt,7.5,14.4,7.4,14.1,0.1,0.2,4.9,8.4,13.6,0.4,0.9,8.2,2.9,3.7,20.1,0.524,0.522,0.6,0.588,0.548,0.528,0.2,,,,29.1,11.9,23.8,18.3,2.2,1.2,18.8,13.6,25.8
Thaddeus Young,80,225,ACC,7.7,16.1,6,12.1,1.7,4.1,2.3,3.1,6.6,2.7,1.7,0.5,2.9,2.7,19.4,0.478,0.498,0.419,0.743,0.552,0.531,0.145,,,,,,,,,,,14.2,
Jarrett Allen,81,243,SEC,6.7,11.9,6.7,11.6,0,0.3,3.2,5.6,10.5,1,0.7,1.9,3.2,2.6,16.7,0.566,0.579,0,0.564,0.571,0.566,0.124,2.6,2.6,5.2,20.3,10.9,18.9,14.9,5.7,1,5,17.8,22.6
Malaki Branham,76,180,Big 10,6.8,13.5,5.2,9.8,1.6,3.8,3.4,4.1,4.8,2.7,1,0.4,2.3,2.4,18.4,0.498,0.53,0.416,0.833,0.596,0.556,0.154,4.8,0.9,5.7,20.4,3.5,10.5,7.3,14.5,1.5,1,12.8,24.1
Tyrese Maxey,74,200,SEC,5.6,13.1,4.4,8.9,1.2,4.2,3.7,4.5,5,3.7,1,0.4,2.5,2.8,16.2,0.427,0.492,0.292,0.833,0.531,0.474,0.134,2.4,2,4.4,16.3,1.4,12.1,7.3,18.7,1.5,1.3,14.1,22.7
Jalen Suggs,77,205,WCC,7.1,14.2,5.5,9.4,1.6,4.8,4,5.3,7.4,6.3,2.6,0.5,4.1,3.6,19.9,0.503,0.588,0.337,0.754,0.595,0.56,0.21,4.8,4.6,9.4,22.6,2.7,18,11,23.7,3.5,1.1,19.5,24.8
Eric Bledsoe,73,214,SEC,5.1,11.1,3.4,6.6,1.7,4.6,2.9,4.4,4.1,3.8,1.9,0.4,4,2.9,14.9,0.462,0.516,0.383,0.667,0.566,0.54,0.126,,,,14.5,1.9,8.5,5.5,16.8,2.6,1.1,23.2,20.4
Dalen Terry,79,195,Big 12,3.9,8.2,2.9,5.2,1.1,3.1,1.7,2.5,6.7,4.7,1.7,0.6,2.1,3.7,10.6,0.477,0.552,0.35,0.68,0.564,0.542,0.146,2.2,4.1,6.2,14.7,4.8,13,9.2,18.8,2.3,1.4,18.2,13.9
Kevon Looney,81,222,Big 10,5.4,11.5,4.6,9.6,0.8,1.9,3.3,5.3,11.9,1.8,1.7,1.2,1.6,3.7,15,0.47,0.481,0.415,0.626,0.532,0.505,0.172,4.7,2.3,7,21.9,12.2,21,16.6,9.1,2.5,3.3,10.3,19.7
Talen Horton-Tucker,76,234,Big 12,6.5,16.1,4.5,9.4,2.1,6.7,2.3,3.7,7.1,3.4,1.9,1,2.5,3.3,17.4,0.406,0.475,0.308,0.625,0.488,0.47,0.114,1.7,2.5,4.2,17.2,2.9,16.7,10.2,16.2,2.8,2.7,12.4,26.2
Cole Anthony,74,185,ACC,6.8,18,4.3,10.6,2.6,7.3,5,6.7,6.5,4.6,1.5,0.3,4,3.3,21.2,0.38,0.402,0.348,0.75,0.501,0.451,0.108,3.3,1.8,5.1,17.5,1.4,16.4,8.7,24.1,2.1,0.9,15.9,30
AJ Griffin,78,220,ACC,6.2,12.7,3.2,5.9,3,6.8,1.8,2.3,6.5,1.6,0.9,0.9,1.1,1.8,17.3,0.493,0.547,0.447,0.792,0.63,0.613,0.18,6.6,1.5,8.1,20.7,3.9,13.7,9.1,7,1.3,2.3,7.2,18.8
Jaden McDaniels,81,185,Big 10,5.6,14,3.9,8.7,1.8,5.3,3.6,4.7,7.5,2.7,1,1.8,4.2,4.3,16.7,0.405,0.445,0.339,0.763,0.515,0.469,0.096,0.3,2.2,2.6,14.6,4.4,15.8,10.6,14.6,1.4,4.9,20.4,25.6
Karl-Anthony Towns,85,248,SEC,7.1,12.5,7,12.1,0.1,0.4,5.3,6.5,12.7,2.1,0.9,4.3,2.6,5.6,19.5,0.566,0.577,0.25,0.813,0.627,0.57,0.311,6.6,7.6,14.3,31.4,14.2,22.3,18.5,11.6,1.4,11.5,14.2,23.7
Avery Bradley,74,180,SEC,6.3,14.7,4.7,10.2,1.7,4.5,1.4,2.6,3.9,2.8,1.8,0.7,2.1,3.2,15.8,0.432,0.457,0.375,0.545,0.496,0.489,0.127,,,,14.9,3.5,6.6,5.1,12.4,2.4,1.6,11.5,20.4
Frank Jackson,75,205,ACC,5.9,12.6,3.7,6.8,2.3,5.8,3.4,4.6,4,2.7,0.9,0.1,2.2,3.8,17.6,0.473,0.539,0.395,0.755,0.598,0.564,0.147,3.7,1.4,5.1,17,3.1,8.3,5.8,12.6,1.3,0.2,12.9,21.1
Zach Collins,83,250,WCC,8,12.3,7.4,11.1,0.6,1.2,6.5,8.8,13.7,1,1.1,4.1,3.6,6.2,23.2,0.652,0.672,0.476,0.743,0.703,0.676,0.299,4.6,6,10.6,31,12.1,23.3,18.4,4.4,1.5,9.8,17.8,24.8
Andre Iguodala,78,215,Big 12,5.7,12.6,4.7,9.5,1,3,3.9,4.9,10.5,6.1,2,0.5,3.5,3.1,16.1,0.45,0.493,0.315,0.788,0.542,0.488,0.123,,,,,,,14.1,23.7,,0.7,18.8,20.4
Jonathan Isaac,82,230,ACC,6.2,12.2,4.7,8,1.5,4.2,4.4,5.6,12,1.8,1.8,2.3,2.3,3.3,18.3,0.508,0.593,0.348,0.78,0.614,0.568,0.205,5.8,4.2,10,24.6,7.7,25.1,16.7,7.5,2.4,6.2,13.3,20.3
Jaren Jackson Jr.,82,242,Big 10,6.2,12.1,4.2,7.1,2,5,5.5,7,10.6,2,1.1,5.5,3.2,5.9,20,0.513,0.596,0.396,0.797,0.647,0.595,0.239,4.4,7.3,11.7,26.9,8.8,19.7,15,9.3,1.6,14.3,17.4,23.5
Devin Booker,78,206,SEC,6.6,14.1,3.8,7.2,2.8,6.9,2.6,3.1,3.7,2.1,0.8,0.1,1.8,2.8,18.7,0.47,0.527,0.411,0.828,0.6,0.571,0.219,6.1,3.3,9.4,19.4,2.6,7.8,5.4,10.9,1.3,0.3,10.4,22.8
Cason Wallace,75,195,SEC,5.4,12.1,3.7,7.2,1.7,4.9,2.1,2.7,4.6,5.3,2.4,0.6,2.6,3,14.6,0.446,0.514,0.346,0.757,0.543,0.516,0.15,3.6,4.2,7.7,18.5,3.3,10.2,6.7,24.3,3.7,1.6,16.3,19.9
Cory Joseph,74,200,SEC,4.7,11,2.9,6.7,1.8,4.3,1.7,2.5,4.4,3.7,1.3,0.4,1.9,2.2,12.9,0.422,0.429,0.413,0.699,0.526,0.503,0.152,2.7,3.8,6.5,15.1,2.2,9.5,6,17.3,1.9,0.9,13.1,17.3
Hamidou Diallo,77,202,SEC,5.8,13.6,4.7,10.3,1.1,3.4,3.4,5.4,5.9,2,1.2,0.6,2.2,4.2,16.2,0.428,0.458,0.338,0.616,0.498,0.47,0.103,0.6,2.3,2.9,13.8,4.2,11.5,8.1,9.5,1.7,1.6,12,22.6
Dalano Banton,80,203,Multiple,4.3,10.5,3.4,6.6,0.9,3.9,2.6,4,8.3,5.6,1.3,1.4,4,2.8,12,0.408,0.51,0.237,0.631,0.485,0.453,0.074,0.5,2.4,2.9,14.1,3.9,18.4,11.3,27.6,1.9,4,24.1,20.2
Isaac Okoro,77,225,SEC,5.7,11,4.8,7.9,0.9,3.2,4.1,6.1,5.6,2.6,1.2,1.1,2.5,3.5,16.3,0.514,0.607,0.286,0.672,0.587,0.556,0.156,3.8,2.5,6.3,19.1,6.4,8.8,7.6,13.1,1.7,3.1,15.2,19.6
Josh Green,77,200,Big 12,5.3,12.4,4,8.9,1.3,3.6,3.7,4.7,5.9,3.4,2,0.6,2.1,3.2,15.5,0.424,0.449,0.361,0.78,0.528,0.476,0.166,2.8,4.1,6.9,17.9,4.8,11.9,8.4,16,2.8,1.6,12.6,20.7
Nassir Little,78,220,ACC,8,16.7,7.1,13.5,0.9,3.2,4.7,6.1,10.1,1.5,1.2,1.2,2.9,3.6,21.5,0.478,0.527,0.269,0.77,0.549,0.504,0.163,2.9,2.2,5.1,20,9.2,16.8,13,6.4,1.5,3.3,13,25.2
Zach LaVine,77,200,Big 10,5.6,12.7,3.5,7.1,2.1,5.7,2.1,3,4.2,2.9,1.5,0.3,1.9,3.2,15.4,0.441,0.494,0.375,0.691,0.545,0.524,0.111,1.7,1.2,2.9,14.6,2.4,9.5,6.1,12.6,2.1,0.8,11.6,20.1
Jalen Duren,82,250,ACC,7.7,12.9,7.7,12.8,0,0.1,3.5,5.7,12.9,2,1.3,3.3,3.5,4.3,18.9,0.597,0.6,0,0.625,0.608,0.597,0.19,3.7,3.3,7.1,25.3,14,21.5,18,10.5,1.8,9.9,18.6,22.8
Myles Turner,83,250,SEC,6.2,13.6,5.3,10.3,0.9,3.3,5,5.9,11.8,1.1,0.5,4.7,2.5,4.3,18.3,0.455,0.513,0.274,0.839,0.556,0.488,0.213,3.4,6,9.3,25.5,7.2,24.9,16.7,6.2,0.8,12.3,13.2,25.1
Caleb Houstan,80,205,Big 10,4,10.4,1.8,4.2,2.2,6.2,2.4,3.1,5,1.7,0.9,0.3,1.9,2.1,12.6,0.384,0.426,0.355,0.783,0.53,0.489,0.084,1.9,1.2,3.1,11.8,3.1,11.7,7.5,7.4,1.4,0.8,13.9,17.9
OG Anunoby,79,240,Big 10,6.2,11,4.9,7.6,1.2,3.4,2.2,4.1,8.2,1.9,2.2,2.2,2.5,3.9,15.8,0.563,0.652,0.365,0.522,0.609,0.62,0.165,4.5,3.9,8.4,21.8,10,13.8,12,8.6,3.2,5.5,16.1,19
Andre Drummond,83,279,Big East,6.5,12.1,6.5,12,0,0.1,1.1,3.6,10.6,0.6,1.2,3.8,2.2,3.1,14.1,0.538,0.541,0,0.295,0.509,0.538,0.121,2,2.9,4.9,21.9,14.2,17,15.6,3.4,1.8,9.9,13.5,20.9
Max Christie,77,190,Big 10,4.2,10.9,2.7,6.3,1.4,4.6,2.3,2.7,4.5,1.9,0.7,0.6,1.9,1.4,12,0.382,0.429,0.317,0.824,0.494,0.449,0.063,0.8,1.1,1.9,10.5,3.4,9.2,6.4,8.6,1,1.7,13.7,18.1
Jaxson Hayes,85,220,SEC,6.6,9,6.6,9,0,0,4,5.4,8.6,0.5,1,3.8,1.6,5.7,17.1,0.728,0.728,,0.74,0.739,0.728,0.23,4.6,5.5,10.1,27,8.7,16.3,12.5,2.6,1.5,10.6,11.8,17.2
Joel Embiid,85,280,Big 12,6.6,10.6,6.6,10.3,0.1,0.3,6.1,8.8,14,2.3,1.5,4.5,4.1,5.8,19.4,0.626,0.639,0.2,0.685,0.655,0.629,0.213,5,6.9,11.9,28.2,12.7,27.3,20.5,11.5,2.3,11.7,21.6,23.4
Trey Lyles,81,234,SEC,5.7,11.6,5.5,10.2,0.2,1.4,3.6,4.9,9.1,1.8,0.9,0.8,2,2.8,15.1,0.488,0.536,0.138,0.735,0.543,0.496,0.213,3.9,4.1,8,19.8,9.9,16.1,13.3,9.2,1.4,2.1,12.4,20.8
Keon Johnson,77,185,SEC,6.5,14.4,5.7,11.6,0.8,2.8,4.1,5.9,5.5,3.9,1.7,0.7,4.1,3.7,17.8,0.449,0.492,0.271,0.703,0.519,0.476,0.124,1,3.1,4.1,16.3,4.8,11,7.9,20.7,2.5,2,19.4,26.8
De'Anthony Melton,75,200,Big 10,4.2,9.5,3.3,6.5,0.9,3,3.2,4.5,7,5.1,2.8,1.5,2.6,3.3,12.3,0.437,0.51,0.284,0.706,0.53,0.483,0.133,2.6,4.6,7.2,19.2,5.9,13.6,9.9,22.5,4,3.9,18.5,17.7
Jrue Holiday,76,205,Big 10,4.7,10.5,3.6,6.8,1.1,3.7,1.9,2.6,5.6,5.4,2.3,0.8,3.2,3.2,12.5,0.45,0.528,0.307,0.726,0.532,0.504,0.138,,,,,,,8.9,23.8,,1.7,21.2,19.3
Trevor Ariza,80,215,Big 10,5.4,12.7,4.5,8.9,0.9,3.9,2.9,5.7,8.2,2.6,2.1,0.6,4.1,3.5,14.7,0.426,0.509,0.237,0.504,0.474,0.462,0.052,,,,,,,,,,,21,
Brandon Boston Jr.,78,188,SEC,5.4,15.3,3.8,10,1.6,5.3,2.7,3.4,5.9,2.1,1.7,0.2,1.9,2.6,15.1,0.355,0.384,0.3,0.785,0.447,0.407,0.087,1,2.1,3.1,13.3,4.8,11.2,8,11.1,2.5,0.5,10.1,23
Jeremy Sochan,80,230,Big 12,5.3,11.2,4,6.9,1.3,4.3,2.8,4.8,10.1,2.8,2,1.1,2.5,3.7,14.7,0.474,0.585,0.296,0.589,0.546,0.531,0.182,3.6,4.4,8,19.6,8.9,20.6,14.7,12.3,2.9,3.2,15.6,19.6
Day'Ron Sharpe,81,265,ACC,8.1,15.5,8.1,15.4,0,0.1,3.7,7.3,15.8,3,1.7,1.9,4.1,4.2,19.8,0.519,0.523,0,0.505,0.521,0.519,0.169,4.3,3.2,7.5,25.5,18.1,23.8,20.9,15.4,2.3,5.1,17.8,26.3
Tony Bradley,82,248,ACC,7.4,12.9,7.4,12.9,0,0,4.7,7.6,14.1,1.7,0.7,1.6,1.8,5,19.5,0.573,0.573,,0.619,0.59,0.573,0.225,5.6,2.3,7.9,26.2,18.6,19,18.8,7.2,1,4.4,9.9,20.7
Patrick Williams,79,215,ACC,5.8,12.7,4.8,9.6,1,3.1,3.8,4.5,7.1,1.8,1.8,1.8,3.1,2.9,16.4,0.459,0.503,0.32,0.838,0.553,0.498,0.154,2.3,3.2,5.5,19.4,6.9,14,10.5,8.4,2.5,5.6,17.1,22.2
JT Thor,81,203,SEC,5.4,12.3,4,7.5,1.4,4.8,4.1,5.5,8.7,1.5,1.4,2.4,2.7,3.5,16.3,0.44,0.53,0.297,0.741,0.547,0.497,0.127,2.4,2.2,4.7,18.3,7.7,15.4,11.7,7.1,1.9,5.9,15.4,20.4
Nerlens Noel,83,220,SEC,5.1,8.7,5.1,8.7,0,0,2.9,5.4,11.9,2,2.6,5.5,2.4,3.2,13.1,0.59,0.59,,0.529,0.583,0.59,0.206,4.3,7.8,12.1,27.3,10.4,23.9,17.4,9.5,3.9,13.2,17.3,17.4
Scottie Barnes,79,237,ACC,6.6,13.1,5.8,10.4,0.7,2.7,2.8,4.4,6.5,6.6,2.4,0.7,4,3.5,16.7,0.503,0.561,0.275,0.621,0.548,0.531,0.164,4.3,3.6,7.9,21.4,7.4,11.1,9.3,31.6,3.4,2.1,20.7,23.7
Joshua Primo,76,189,SEC,5,11.6,2.4,4.9,2.6,6.7,2,2.6,6,1.5,1,0.5,2.4,3,14.5,0.431,0.5,0.381,0.75,0.565,0.541,0.125,1.6,2.1,3.7,13.2,4.7,10.5,7.6,6.5,1.4,1.3,16,17.6
Steven Adams,83,265,ACC,5.3,9.3,5.3,9.3,0,0,1.7,3.7,10.8,1.1,1.1,3.5,1.9,2.8,12.3,0.571,0.571,,0.443,0.555,0.571,0.185,4,4.2,8.1,23.2,15.3,21,18,5.4,1.9,11.2,14.4,17.7
Josh Christopher,76,215,Big 12,6.8,15.8,5.2,10.5,1.6,5.3,3.9,4.9,6.4,1.9,2,0.7,2.3,4.3,19.2,0.432,0.496,0.305,0.8,0.529,0.483,0.099,2.4,1.8,4.2,17.8,2.4,16.1,9,9.8,2.7,1.9,11.4,25.5
Ziaire Williams,81,185,ACC,5.4,14.6,3.8,8.9,1.6,5.7,2.8,3.5,6.5,3.2,1.2,0.8,4.2,3.4,15.3,0.374,0.427,0.291,0.796,0.473,0.431,0.046,-1.2,1.5,0.3,11.2,2.4,16.4,9.9,16.4,1.7,2.2,20.4,26.5
Isaiah Jackson,81,205,SEC,5.7,10.6,5.7,10.4,0,0.2,4.9,6.9,12.7,1.4,1.5,5,2.9,5.8,16.3,0.54,0.548,0,0.7,0.587,0.54,0.187,2.3,6,8.3,25.3,11.2,23.3,17.3,7.4,2.1,12.7,17.5,20.5
Kevin Porter Jr.,76,203,Big 10,6.4,13.5,4,7.7,2.4,5.9,2.1,4,7.2,2.6,1.5,0.9,3.4,3.8,17.2,0.471,0.517,0.412,0.522,0.559,0.561,0.1,1.8,1.5,3.3,16.2,4.8,15,10,12,2.1,2.6,17.9,23.3
Kyrie Irving,74,195,ACC,7.3,13.7,4.9,8.6,2.4,5.1,8.4,9.4,4.9,6.2,2.1,0.8,3.6,3,25.3,0.529,0.569,0.462,0.901,0.697,0.615,0.32,9.8,5,14.8,32.5,2.3,10.6,6.7,29.8,3,1.8,16.4,26.4
Bol Bol,87,220,Big 10,11,19.7,9.1,16,1.9,3.7,4.2,5.5,12.8,1.3,1,3.6,2.7,2.2,28.2,0.561,0.57,0.52,0.757,0.632,0.61,0.271,9.1,3.9,13,37.5,8.7,29,19.2,9.6,1.6,12.4,10.7,33.4
Dereck Lively II,85,230,ACC,4.4,6.7,4.3,5.9,0.1,0.7,1.2,2,10.5,2.1,1,4.7,1.3,5.3,10.1,0.658,0.721,0.154,0.6,0.662,0.667,0.201,2.5,6.8,9.3,22.6,12.4,17.8,15.2,9.8,1.5,12.7,14.7,11.6
Jalen Johnson,80,219,ACC,8.2,15.7,7.1,13.1,1.2,2.6,3.5,5.5,11.4,4.2,2.2,2.3,4.7,4.2,21,0.523,0.538,0.444,0.632,0.575,0.56,0.162,4.3,4.2,8.5,25.8,8.3,25.2,16.6,20.5,3.1,6,20.6,28.6
Peyton Watson,79,200,Big 10,3.8,11.7,3.1,8.6,0.7,3.1,2.2,3.2,9.1,2.6,1.9,1.9,3,5,10.4,0.322,0.356,0.226,0.688,0.394,0.352,0.074,-2.7,3.8,1.1,11.2,8.1,18.7,13.3,11,2.8,5.5,18.4,20.8
Jarred Vanderbilt,80,214,SEC,4.9,11.4,4.9,11.3,0,0.2,4,6.4,18.5,2.4,1,1.8,2.5,6.2,13.8,0.426,0.433,0,0.632,0.476,0.426,0.172,3.5,2.9,6.4,21.6,23.1,27.9,25.7,10.7,1.4,5.3,14.8,20.8
Darius Garland,73,192,SEC,8.3,15.5,5.2,8.9,3.2,6.6,3.5,4.6,5.5,3.7,1.2,0.6,4.3,2,23.3,0.537,0.581,0.478,0.75,0.657,0.639,0.148,3.8,1.1,4.9,23.6,1.6,13.7,7.7,25.7,1.7,1.5,19.6,27.9
James Wiseman,83,240,ACC,11.6,15.1,11.6,14.5,0,0.6,11,15.7,18.6,0.6,0.6,5.2,1.7,2.9,34.2,0.769,0.8,0,0.704,0.76,0.769,0.434,13.1,4.9,18,52.7,21.8,26.5,24.4,4.4,0.8,13.6,7.2,29.1
Michael Porter Jr.,82,218,SEC,7.5,22.6,5.3,15.1,2.3,7.5,5.3,6.8,15.1,0.8,2.3,0.8,2.3,4.5,22.6,0.333,0.35,0.3,0.778,0.438,0.383,0.128,4.6,4.1,8.6,20,9.4,32.5,21.8,4.6,3.4,2,8,36.5
CJ McCollum,75,190,Patriot League,8.4,19.1,6,12.8,2.4,6.3,6.7,8.1,7.6,3.3,2.5,0.6,2.9,2.1,25.8,0.439,0.47,0.377,0.825,0.563,0.501,0.194,6.5,2.1,8.6,23.3,4.8,17.2,11.2,23.5,1.4,1.2,13.2,32.2
P.J. Tucker,77,245,SEC,7,13.2,6.9,13.2,0,0.1,4.6,6.5,11.3,2.7,1.8,0.4,3,3.5,18.6,0.526,0.527,0.5,0.711,0.57,0.528,0.224,6.7,1.9,8.6,29.1,5.2,17,11,20.1,3.6,1.5,11.3,32.4
RJ Barrett,78,214,ACC,9.5,20.9,7.3,13.9,2.2,7.1,4.4,6.7,8.6,4.9,1,0.5,3.7,2.1,25.7,0.454,0.529,0.308,0.665,0.532,0.506,0.218,,,,,,,15.7,13.8,,0.6,15.7,23.7
AJ Green,76,190,Missouri Valley,7.1,17.1,3.9,8.6,3.2,8.4,3.9,4.3,3.9,3,0.9,0.1,3.2,2.1,21.2,0.414,0.45,0.378,0.9,0.555,0.508,0.131,3.1,-1.1,2,18.6,1.1,10.7,6,17.2,1.3,0.2,14.2,29.9
Julian Champagnie,79,217,Big East,7.5,17.5,5.3,11.2,2.2,6.3,3.6,4.4,8.9,1.8,2,1.3,1.9,2.1,20.9,0.429,0.475,0.348,0.815,0.531,0.492,0.156,4.6,1.6,6.2,21.5,5.2,18.5,11.6,8.4,2.7,3.5,9,25.1
Keon Ellis,76,175,SEC,4.6,10,2.4,4,2.2,6,3.1,3.7,8.3,2.4,2.5,0.8,2.2,3.9,14.5,0.458,0.588,0.371,0.831,0.615,0.569,0.168,4.4,4.6,9,19,6,15.8,10.9,10.2,3.4,2.1,15.5,16.1
Austin Reaves,77,197,Multiple,5.4,12.7,3.3,6.7,2.1,6,4.8,5.7,6.2,4.2,1.1,0.5,2.8,2.4,17.6,0.421,0.487,0.347,0.844,0.571,0.503,0.157,4.1,1.9,5.9,19,2.4,14.3,8.5,20.1,1.6,1.3,15.3,22.9
Sam Hauser,79,217,Multiple,5.9,12.3,2.8,5.2,3.1,7.1,1.9,2.2,7.8,2.7,1,0.6,1.4,2.6,16.9,0.483,0.543,0.439,0.88,12.3,0.483,16.9,,,,5.9,3.1,7.1,0.439,1.9,2.2,0.88,7.8,2.7
Jose Alvarado,73,179,ACC,5.3,12,3.4,6.5,1.9,5.5,3,3.8,4.2,4.1,2.4,0.1,2.6,2.9,15.4,0.444,0.531,0.341,0.79,0.562,0.522,0.137,2.5,3,5.5,17.7,2.1,10,6.2,21.4,3.6,0.2,15.9,21.2
Jordan Goodwin,76,200,Atlantic 10,5.7,13.4,4.8,10.1,0.9,3.2,2.7,4.7,10.2,4.1,2.3,0.4,3.1,3,14.9,0.423,0.472,0.271,0.58,0.479,0.456,0.139,2.3,2.9,5.1,19.2,10,19.2,14.5,21.8,3.4,1.2,16.3,23.4
Duane Washington Jr.,74,197,Big 10,6.4,16.2,3.2,7.3,3.2,8.9,2.6,3.2,4.7,2.9,0.6,0.1,2.5,2.2,18.7,0.397,0.442,0.361,0.8,0.527,0.497,0.111,3.9,0.7,4.6,15.5,1.1,12.2,6.8,15.6,0.9,0.2,12.2,26.3
Trendon Watford,80,237,SEC,6.7,13.9,6,11.3,0.7,2.5,3.9,5.8,8.9,2.8,1.2,0.8,3.2,2.8,18,0.484,0.528,0.29,0.662,0.542,0.511,0.129,3.6,0.7,4.3,19.5,6.6,16.8,12,12.7,1.7,2.2,16.2,23.8
Lamar Stevens,79,230,Big 10,7.4,16.9,6.6,14.1,0.8,2.9,4.8,6.5,8,2.4,1,1.2,3,3.2,20.3,0.435,0.468,0.276,0.738,0.507,0.458,0.125,2.3,1.8,4.1,18.7,5,17.7,11.2,13.1,1.4,3.1,13,28.5
Trent Forrest,76,210,ACC,4.5,9.7,4.2,8.5,0.3,1.3,3.9,5.2,6.5,5.2,2.6,0.5,3,2.4,13.2,0.462,0.494,0.248,0.748,0.541,0.478,0.151,2.6,4.7,7.3,18.4,4.6,13.7,9.2,23.1,3.6,1.5,19.7,18.5
Lindy Waters III,78,210,Big 12,4.6,10.7,2.5,5.4,2.1,5.4,2.4,2.9,5.2,3,1.4,0.3,2,3.2,13.6,0.427,0.464,0.39,0.817,0.563,0.524,0.116,2.6,2.2,4.8,15,2.9,11.6,7.3,14.9,2.1,0.8,13.9,17.7
Anthony Lamb,78,227,America East,8.4,17.8,6.7,12.5,1.8,5.3,5.2,6.6,9.4,2.4,1.2,2,3.1,3.4,23.8,0.476,0.535,0.336,0.783,0.571,0.526,0.226,4.8,1.9,6.7,27.6,7.5,20.8,14.3,14.1,1.9,5.8,12.8,31.9
Caleb Martin,77,205,Multiple,6.1,14.8,3,6,3.1,8.7,3.7,5.1,6.3,2.6,1.4,0.8,2,3,19,0.414,0.494,0.359,0.725,0.555,0.521,0.154,4.7,1.8,6.5,19.4,3.4,13.9,8.7,12.8,2,2.1,10.4,23.9
Max Strus,77,215,Big East,6.7,15.9,3.5,6.7,3.2,9.2,3.7,4.5,6.3,2.7,1.2,0.5,2.5,3.2,20.3,0.42,0.515,0.35,0.825,0.562,0.521,0.136,4.3,0.7,5,18.9,4,14.1,9,13.1,1.7,1.7,12.2,24.7
John Konchar,77,210,Horizon,6.5,11.7,4.8,7.7,1.7,4,3,4.3,9.8,4.7,2.3,0.7,2.1,2.3,17.7,0.556,0.629,0.416,0.697,0.643,0.627,0.209,5.2,1.7,6.9,25.7,7.6,20.4,14,20.9,3.2,1.8,13.3,19.2
Garrison Mathews,78,215,ASUN,8,17.9,4.2,7.7,3.8,10.2,6.4,8.2,7.1,2.7,1.2,0.3,2.9,3.3,26.3,0.446,0.541,0.374,0.789,0.602,0.552,0.187,4.9,-0.8,4.1,22.9,4.1,15.2,9.8,13.4,1.6,0.9,11.8,29
Dean Wade,81,228,Big 12,5.9,11.9,4.5,8.3,1.4,3.6,3.1,4.4,7.4,2.8,1.3,0.9,1.6,3.1,16.3,0.498,0.547,0.386,0.711,0.585,0.556,0.18,5.5,3,8.4,21.1,7.2,15.2,11.2,15.4,1.9,2.6,10.3,20.4
Terence Davis,76,201,SEC,7.5,16.8,5.1,9.7,2.4,7.1,3.2,4.5,8.1,3.4,1.9,0.9,3.3,4.3,20.6,0.445,0.522,0.339,0.717,0.543,0.516,0.132,3.7,2.2,6,20.3,5.3,17.2,11.2,18.4,2.7,2.6,14.8,27
Luke Kornet,85,250,SEC,5,11.9,3,5.8,1.9,6.1,2.8,3.6,7.9,1.9,0.6,2.7,1.8,3.2,14.7,0.417,0.519,0.32,0.779,0.54,0.499,0.139,3.5,3.3,6.8,18.1,6.1,15.7,11.3,9.8,1,6.9,11.6,20.5
Amir Coffey,79,210,Big 10,5.7,12.7,4.4,8.8,1.3,3.9,4.5,6.1,4.5,3.8,1.1,0.2,2.5,2,17.1,0.448,0.502,0.328,0.734,0.55,0.498,0.123,2.9,1.9,4.8,16.9,2.4,9.8,6.1,19.3,1.6,0.6,13.7,22.5
Armoni Brooks,75,195,Big 12,6,14.5,1.8,3.9,4.2,10.6,1.1,1.5,7.8,1,1.2,0.5,1.1,2.4,17.3,0.415,0.464,0.397,0.711,0.569,0.56,0.185,5.6,2.3,7.8,18.5,4.2,17.1,10.8,5,1.8,1.4,6.9,20.5
Oshae Brissett,79,210,ACC,4.9,13.1,3.5,8.8,1.3,4.4,4.3,5.9,9.2,1.5,1.2,0.9,2.2,2.4,15.4,0.371,0.404,0.307,0.736,0.484,0.422,0.125,2,2.2,4.1,16.6,7.2,18.8,13.1,8.3,1.8,3,12,23.6
Luguentz Dort,76,220,Big 12,6.5,16,4.5,9.5,2,6.6,5.4,7.7,5.4,2.9,1.9,0.3,3.7,3.8,20.4,0.405,0.472,0.307,0.7,0.518,0.467,0.115,1.5,1.6,3.1,16.5,4.4,10,7.3,15.1,2.7,0.8,15.8,27.9
Naz Reid,81,264,SEC,7.4,15.8,6.2,12.1,1.2,3.6,4,5.5,10.6,1.3,1.1,1,3.7,4.7,20,0.468,0.509,0.333,0.727,0.544,0.507,0.131,2.3,0.5,2.8,19.4,10.5,19.2,14.9,6.2,1.5,2.8,16.6,26.4
Moses Brown,86,258,Big 10,7.1,11.7,7.1,11.7,0,0,2.4,6.8,14.2,0.5,1,3.3,2.6,4,16.6,0.607,0.607,,0.352,0.556,0.607,0.131,1.8,1.6,3.4,22.4,15.6,21,18.4,2.4,1.4,8.7,14.9,20.6
Duncan Robinson,79,215,Big 10,5,11,1.7,3.1,3.3,7.9,1.7,2,4.1,2,0.9,0.5,1.1,3.5,15,0.455,0.545,0.419,0.864,0.629,0.606,0.155,4.5,2.1,6.6,16.8,2.3,10.4,6.4,9.3,1.4,1.2,8.6,17.8
Kenrich Williams,78,210,Big 12,5.1,10.5,3.8,7.2,1.2,3.3,2.3,3.7,10.7,3.3,1.7,0.9,1.8,3.1,13.7,0.484,0.533,0.375,0.625,0.559,0.542,0.171,5.5,3.4,8.9,21,11,20.5,15.8,14.9,2.5,2.3,12.6,17.6
Kendrick Nunn,75,190,Multiple,6.6,15.5,3.6,7.5,3.1,8,2.5,3.1,4.8,2.8,1.5,0.3,2.2,2.4,18.9,0.428,0.474,0.386,0.821,0.557,0.528,0.124,3.6,1.3,4.9,18.1,1.7,12.4,7,15.5,2.3,0.8,11.7,24.7
Jae'Sean Tate,76,230,Big 10,6.8,12.3,6.4,10.9,0.4,1.4,2.7,5,8.5,2.4,1.5,0.7,2.6,4.2,16.7,0.552,0.588,0.277,0.555,0.57,0.568,0.153,2.5,2.8,5.3,19.7,7.5,16.5,12.2,12.2,2.2,2,15,22.1
Gabe Vincent,74,200,Big West,5.9,14.4,3,6.8,2.9,7.7,2.5,3.2,3.6,3.4,1.4,0.2,1.8,3.6,17.2,0.409,0.446,0.376,0.769,0.538,0.509,0.129,1.9,0.3,2.2,16.4,1.8,8.3,5,17.6,2.1,0.6,10.3,22.9
Jordan McLaughlin,73,185,Big 10,5.3,12.1,3.6,7.6,1.7,4.5,3,4,4.2,6.9,2,0.2,2.8,1.2,15.4,0.439,0.474,0.379,0.738,0.546,0.51,0.137,3.9,1.8,5.7,19.2,2.2,9.5,5.9,31.4,2.8,0.5,16.7,20.9
Yuta Watanabe,81,215,Atlantic 10,5.1,11.9,3.5,7.3,1.5,4.6,2.8,3.6,6,2,0.9,1.5,1.7,2.4,14.5,0.425,0.481,0.337,0.788,0.533,0.49,0.122,2.1,1,3.1,16.6,4.3,13.3,8.8,10.1,1.4,3.9,11,19.8
Jock Landale,83,255,WCC,9.4,15,9.3,14.6,0.1,0.4,5,6.8,12.1,2.2,0.5,1.4,2.9,4.2,23.9,0.625,0.634,0.276,0.738,0.654,0.628,0.267,6,2,8,31.6,12.6,25.7,19.6,12.6,0.8,3.6,13.9,29.8
Drew Eubanks,82,245,Big 10,6.6,11,6.6,11,0,0,3.4,5,9.3,1.3,0.7,2.4,2.9,4,16.6,0.598,0.598,,0.693,0.622,0.598,0.132,1.1,1.7,2.8,20.7,8.1,19.1,13.7,7.4,1.1,6.9,17.6,21
Wenyen Gabriel,81,205,SEC,3.9,9,2.2,4.6,1.6,4.4,1.8,2.9,10,1.2,1.1,1.9,1.8,5.3,11.1,0.426,0.483,0.367,0.622,0.534,0.516,0.132,1.6,3.8,5.3,14.3,9.4,17.7,13.7,5,1.5,5.2,15,14.6
Ish Wainright,77,250,Big 12,2.8,6.8,1.9,3.9,1,2.9,1.4,2.2,6.9,4.2,1.8,0.5,2.3,4.3,8.1,0.418,0.481,0.331,0.659,0.515,0.488,0.112,1.4,4.2,5.6,12.9,7.4,13,10.3,18.1,2.7,1.3,22.7,12.8
Chris Boucher,81,200,Big 10,7,13.2,5.3,8.1,1.8,5.1,3.5,5.5,10.9,0.7,1,4.4,1.8,4.3,19.3,0.532,0.65,0.344,0.641,0.611,0.598,0.22,5.3,4,9.4,26.8,11,20.3,15.8,3.2,1.4,11.8,10,21.9
PJ Dozier,78,205,SEC,6.7,16.9,5.5,12.4,1.2,4.5,2.7,4.7,6.5,4.1,2.2,0.5,4,4.4,17.4,0.398,0.442,0.277,0.579,0.455,0.435,0.095,-0.2,3.5,3.3,14,4.3,14.2,9.1,22.3,3.2,1.6,17.3,27.7
Dorian Finney-Smith,79,220,Multiple,5,12.2,3.1,6.9,1.9,5.3,3,4.5,9.9,2.7,1.1,1,2.5,3.3,14.9,0.411,0.449,0.362,0.657,0.52,0.49,0.152,4,2.8,6.8,18.7,10.5,18.7,14.5,14,1.7,2.6,14.9,21.9
Damion Lee,78,210,Multiple,6.2,14.3,3.7,7.4,2.5,6.9,4.7,5.6,5.8,2.4,1.4,0.3,2.1,2.9,19.6,0.433,0.5,0.362,0.843,0.578,0.521,0.196,5.4,1.9,7.4,22.7,3.3,15.2,9.1,14.6,2.2,0.7,11.1,26
Anthony Gill,80,230,Multiple,6.2,11.1,6,10.8,0.2,0.4,4.6,6.7,8.7,1.3,0.9,0.8,2,3.7,17.1,0.556,0.561,0.419,0.68,0.597,0.563,0.203,4.2,2.4,6.6,23.3,11,16.8,13.9,7.2,1.6,2.4,12.4,23
Fred VanVleet,73,197,ACC,4.9,11.5,3.4,7.6,1.5,3.9,3.9,4.9,4.9,6.7,2.4,0.1,2.2,2.3,15.2,0.426,0.447,0.386,0.805,0.551,0.491,0.221,4.9,4.6,9.5,22.8,2.8,12,7.3,34.4,3.7,0.4,13.7,21.1
Alex Caruso,77,186,SEC,3.9,8.5,3,5.8,0.9,2.7,2.4,3.5,5.2,6.6,2.8,0.6,3.5,3.5,11.1,0.455,0.509,0.34,0.685,0.543,0.509,0.134,1.4,5.2,6.6,17.2,3.1,12.3,7.7,32.9,4.3,1.8,25.7,18.1
Danuel House Jr.,78,220,Multiple,6.1,14.7,3.8,8,2.3,6.7,4.3,6.2,6.2,2.7,0.9,0.6,2.5,2.5,18.8,0.416,0.481,0.338,0.699,0.533,0.493,0.133,4,0.4,4.3,18,4.8,12.9,8.9,13.5,1.4,1.7,12.6,25.4
Bryn Forbes,74,205,Multiple,5.6,12.5,2.4,5.1,3.2,7.4,2.9,3.5,3.4,1.8,0.9,0.1,1.6,2.2,17.4,0.449,0.47,0.435,0.821,0.611,0.578,0.148,4.2,0.3,4.4,17.4,2.1,8.4,5.2,9.2,1.3,0.2,10.3,20.9
Gary Payton II,75,195,Big 10,6.6,13.6,5.7,10.7,0.9,2.9,2.6,4,8.7,4.7,3.2,1,2.4,3,16.7,0.485,0.535,0.302,0.652,0.538,0.518,0.193,5.7,5.4,11.1,25.5,7.4,18.2,12.8,27.5,4.9,3.2,13.4,23.8
Derrick Jones Jr.,78,210,MWC,8,13.6,7.5,11.1,0.5,2.4,4.9,8.2,8.3,1.5,1.7,2.5,2.2,5.8,21.4,0.589,0.672,0.205,0.594,0.611,0.607,0.193,1.9,2.4,4.3,24.2,8.6,13.4,11,8.1,2.3,6.2,11.3,23.2
T.J. McConnell,73,190,Multiple,5,10.2,3.7,6.9,1.2,3.3,1.6,2.1,4.9,6.8,2.9,0.2,2.5,2.3,12.8,0.49,0.542,0.38,0.749,0.573,0.551,0.182,3.6,5.1,8.7,20.3,2.5,12,7.2,31.9,4.3,0.6,18.5,17.4
Royce O'Neale,78,226,Multiple,4.1,8.5,2.6,4.9,1.4,3.6,3,4,7.5,3.9,1.6,0.4,2.5,3.2,12.5,0.477,0.533,0.399,0.751,0.602,0.561,0.166,3.8,2.6,6.4,18.9,6.5,18,12.2,20,2.6,1.3,19.7,18.1
Javonte Green,77,205,Big South,8.3,16,8,14.8,0.3,1.2,5.7,8.8,12.6,1.7,2.9,1.1,2.9,4.2,22.6,0.519,0.542,0.238,0.656,0.562,0.528,0.207,3.2,0.4,3.7,29.6,11.8,26,18.5,10.1,4.3,2.7,12.6,29
Juan Toscano-Anderson,78,209,Big East,3.7,8.7,3,6.3,0.7,2.4,1.9,3.2,8.6,2.6,2,0.7,2.8,4.4,10,0.421,0.473,0.289,0.593,0.486,0.462,0.084,-0.7,2.8,2,13.1,9.1,16.9,13,13,3,1.9,21.5,17.3
Christian Wood,80,214,MWC,6.4,13.4,5.4,9.7,1,3.8,4,5.4,11.6,1.4,0.6,3.2,2.6,3.6,17.8,0.477,0.561,0.261,0.747,0.557,0.513,0.175,2.6,2,4.6,23.4,9.6,21.7,16,8.1,0.9,7.8,13.9,24.7
Torrey Craig,77,221,Big South,7.4,17.8,4.4,9,2.9,8.9,3.3,4.9,9.3,2.3,1.4,1,3.4,3.2,21,0.413,0.495,0.33,0.671,0.52,0.495,0.133,3.1,-0.9,2.3,20.8,7.5,20.5,13.6,13.6,2,2.9,14.5,29.5
Khem Birch,80,233,Multiple,4.7,8.9,4.7,8.9,0,0,4.4,6.7,12.2,1.3,0.9,4.8,1.9,3.4,13.9,0.531,0.531,,0.668,0.576,0.531,0.198,3,4.9,8,24.7,13.5,20.1,16.8,6.2,1.4,11.6,13.4,17.6
Seth Curry,73,185,Multiple,6.3,14.5,3.3,6.9,3,7.6,3.8,4.6,3.7,2.7,1.6,0.2,2.1,2.3,19.3,0.431,0.472,0.394,0.827,0.578,0.534,0.164,5.9,2.8,8.6,19.8,2.3,6.9,5.3,13.3,2.4,0.5,11,23.8
Robert Covington,79,209,Ohio Valley,7,14.8,5,9.9,2.1,4.9,3.6,4.5,9.9,1.6,2,1.7,3.1,4,19.8,0.476,0.502,0.422,0.802,0.583,0.545,0.177,4.5,1,5.5,24.8,10.3,20.6,15.2,10.3,3,4.8,15.5,25.5
Rodney McGruder,76,205,Big 12,6.1,13.6,4.1,8.2,2,5.3,2.7,3.6,7.1,2,1.3,0.4,1.8,2.2,17,0.452,0.498,0.381,0.759,0.557,0.527,0.178,5.9,1.9,7.8,20,7.8,13.5,10.5,10.8,1.9,1.1,10.8,21.3
Dewayne Dedmon,82,245,Big 10,5.3,10.2,5.3,10,0,0.1,1.9,3,11.2,0.9,1.7,2.9,2.7,5.4,12.5,0.52,0.528,0,0.614,0.536,0.52,0.125,-0.2,4.1,3.9,19.4,12.1,23.6,17.5,4.9,2.6,7.9,18.8,19.5
JaMychal Green,81,227,SEC,7.4,14.2,7.3,14,0,0.2,5.1,7.2,10.9,1.8,1.5,2.5,3.7,4.7,19.8,0.519,0.524,0.176,0.711,0.564,0.52,0.203,4.6,4.3,8.9,26.6,12,18.9,15.7,10.6,2.3,6.5,17.5,27.4
Kent Bazemore,76,195,Sun Belt,5.6,12.6,4.5,9.3,1.1,3.2,3.1,5.3,7,4.1,2.7,0.7,3.5,3.3,15.4,0.447,0.486,0.334,0.581,0.51,0.49,0.161,3.7,4.2,7.9,21.2,5.6,14.8,10.1,22.3,4.4,2.1,18.7,23.8
Justin Holiday,78,180,Big 10,4.2,9.4,3.2,6.6,1,2.8,1.5,2.1,7.4,3.1,1.6,1,2.1,3.3,10.8,0.443,0.485,0.343,0.736,0.52,0.494,0.137,4.8,3.4,8.2,17.5,7.7,13.3,10.5,13,2.4,2.7,16.9,16.4
Brad Wanamaker,76,210,ACC,4.5,10.3,3.7,7.9,0.8,2.5,3.9,5.5,6.6,5.8,1.6,0.4,3.3,3.6,13.8,0.437,0.466,0.344,0.722,0.534,0.478,0.169,5.6,4.9,10.5,21.3,5.9,14,9.6,27.8,2.7,1,20.1,20.9
Ish Smith,73,175,ACC,5,11.8,4.3,9.4,0.7,2.4,1.4,3,4.9,6.7,1.7,0.3,3.8,2.5,12.2,0.425,0.456,0.301,0.484,0.455,0.203,0.071,,,,0.461,2.7,10.7,6.6,33.2,2.6,0.7,22.5,20.6
Wesley Matthews,77,220,Big East,5.3,12,4.3,9,1,3.1,5.7,7.2,6.6,2.8,1.6,0.4,2.9,3,17.4,0.444,0.48,0.341,0.799,0.488,0.254,0.164,,,,0.566,,,9.3,13.6,,0.9,15.7,22.5
Garrett Temple,77,195,SEC,2.6,7.1,1.6,3.5,1,3.7,1.8,2.3,4.5,4.4,1.7,1,2.6,3.2,8.1,0.371,0.47,0.278,0.783,0.443,0.515,0.098,,,,0.494,,,6.3,19,,1.8,24.3,13.5
David Nwaba,77,219,Big West,6.5,13.8,6.4,13.3,0.1,0.4,5.2,8,8.1,3.1,1.7,0.9,2.5,3,18.3,0.473,0.483,0.167,0.65,0.521,0.476,0.144,3.2,0.9,4.1,23.1,7.9,16.4,11.9,18.6,2.7,2.4,12.3,26.9
Terry Taylor,76,230,ASUN,8.9,16.5,7.5,12.4,1.4,4.1,3.8,5.3,11.4,1.6,1.2,1.2,2.5,2.4,22.9,0.536,0.601,0.341,0.725,0.603,0.578,0.222,6.4,-1.2,5.1,28.7,13.2,20.6,16.8,8.5,1.7,3.4,11.7,26.1
Scotty Pippen Jr.,73,170,SEC,6.6,15.9,4.6,10.1,2,5.8,7,9.2,3.9,5.4,2,0.2,4.1,3.4,22.2,0.414,0.454,0.343,0.763,0.547,0.476,0.151,4.1,1,5.2,21.5,2.7,8.9,5.7,31.9,2.9,0.6,16.8,31
